"AI_Agent_Channel_Type__c","AI_Agent_Session_End_Type__c","Demo_Identifier__c","End_Timestamp__c","External_ID__c","Individual__c","Previous_Session_Id__c","Related_Messaging_Session__c","Related_Voice_Call__c","Session_Owner_Object__c","Session_Owner__c","Start_Days__c","Start_Time__c","Variable__c"
"SCRT2 - EmbeddedMessaging","resolved","SKYWAVE_PHASE_4_5","2026-05-27T19:00:06.000Z","7e73d629-d8ed-47cc-a52d-f67e92978c3e","NOT_SET","NOT_SET","","","NOT_SET","","-7.0","18:59:00","NOT_SET"
"SCRT2 - EmbeddedMessaging","resolved","SKYWAVE_PHASE_4_5","2026-05-24T14:20:57.000Z","6fca1511-a001-493d-a18e-d900d5c8e35a","NOT_SET","NOT_SET","","","NOT_SET","","-10.0","14:20:00","NOT_SET"
"SCRT2 - EmbeddedMessaging","resolved","SKYWAVE_PHASE_4_5","2026-05-26T15:27:08.000Z","21b39ac1-ef27-46f8-a083-1049716257bf","NOT_SET","NOT_SET","","","NOT_SET","","-8.0","15:22:00","NOT_SET"
"SCRT2 - EmbeddedMessaging","resolved","SKYWAVE_PHASE_4_5","2026-05-29T14:53:06.000Z","6f8a4776-f09f-4eec-a78d-296a0dfb2786","NOT_SET","NOT_SET","","","NOT_SET","","-5.0","14:45:00","NOT_SET"
"SCRT2 - EmbeddedMessaging","resolved","SKYWAVE_PHASE_4_5","2026-05-26T18:41:56.000Z","73e4f2ed-19eb-4356-a669-55109b437c94","NOT_SET","NOT_SET","","","NOT_SET","","-8.0","18:38:00","NOT_SET"
"SCRT2 - EmbeddedMessaging","resolved","SKYWAVE_PHASE_4_5","2026-06-01T10:41:26.000Z","ca56d848-cdc7-4125-abcd-71e979196093","NOT_SET","NOT_SET","","","NOT_SET","","-2.0","10:40:00","NOT_SET"
"SCRT2 - EmbeddedMessaging","resolved","SKYWAVE_PHASE_4_5","2026-06-02T14:30:18.000Z","7c4ac7b5-8fda-4aa6-a0ae-11a628fab688","NOT_SET","NOT_SET","","","NOT_SET","","-1.0","14:24:00","NOT_SET"
"SCRT2 - EmbeddedMessaging","resolved","SKYWAVE_PHASE_4_5","2026-05-31T11:32:40.000Z","03b41a51-9fec-4279-a37b-d6995ae387ec","NOT_SET","NOT_SET","","","NOT_SET","","-3.0","11:25:00","NOT_SET"
"SCRT2 - EmbeddedMessaging","resolved","SKYWAVE_PHASE_4_5","2026-06-01T08:11:07.000Z","f91b856c-4e71-4821-a2a6-e5fe68d84610","NOT_SET","NOT_SET","","","NOT_SET","","-2.0","08:10:00","NOT_SET"
"SCRT2 - EmbeddedMessaging","resolved","SKYWAVE_PHASE_4_5","2026-05-24T08:15:19.000Z","206bc0ec-59be-4520-a666-b54b70fa1d1c","NOT_SET","NOT_SET","","","NOT_SET","","-10.0","08:12:00","NOT_SET"
"SCRT2 - EmbeddedMessaging","resolved","SKYWAVE_PHASE_4_5","2026-05-25T14:35:02.000Z","3d839c22-f9f5-4ac6-a322-6e270f3c7684","NOT_SET","NOT_SET","","","NOT_SET","","-9.0","14:33:00","NOT_SET"
"SCRT2 - EmbeddedMessaging","resolved","SKYWAVE_PHASE_4_5","2026-05-28T08:04:46.000Z","c2fa2845-f102-4bf8-a95d-a505f9b38bb9","NOT_SET","NOT_SET","","","NOT_SET","","-6.0","08:03:00","NOT_SET"
"SCRT2 - EmbeddedMessaging","resolved","SKYWAVE_PHASE_4_5","2026-05-24T08:17:15.000Z","0c5bad76-92bc-45c9-aef6-3abf4fa5de9c","NOT_SET","NOT_SET","","","NOT_SET","","-10.0","08:13:00","NOT_SET"
"SCRT2 - EmbeddedMessaging","resolved","SKYWAVE_PHASE_4_5","2026-06-02T15:11:01.000Z","e3db960d-710c-4d96-a58c-11beb9e26fda","NOT_SET","NOT_SET","","","NOT_SET","","-1.0","15:07:00","NOT_SET"
"SCRT2 - EmbeddedMessaging","resolved","SKYWAVE_PHASE_4_5","2026-05-21T18:04:22.000Z","3558ee33-c510-4b83-a0f9-cfc4c599b9bc","NOT_SET","NOT_SET","","","NOT_SET","","-13.0","18:02:00","NOT_SET"
"SCRT2 - EmbeddedMessaging","resolved","SKYWAVE_PHASE_4_5","2026-05-31T09:08:06.000Z","25a98ac2-95a9-43a8-a4ab-76b613cf9ffe","NOT_SET","NOT_SET","","","NOT_SET","","-3.0","09:04:00","NOT_SET"
"SCRT2 - EmbeddedMessaging","resolved","SKYWAVE_PHASE_4_5","2026-05-25T14:24:50.000Z","cac584e0-9e70-4a2e-abec-25caa6f3146e","NOT_SET","NOT_SET","","","NOT_SET","","-9.0","14:16:00","NOT_SET"
"SCRT2 - EmbeddedMessaging","resolved","SKYWAVE_PHASE_4_5","2026-06-02T19:40:14.000Z","8e367453-c31e-452b-a42c-a40c64adfdf5","NOT_SET","NOT_SET","","","NOT_SET","","-1.0","19:39:00","NOT_SET"
"SCRT2 - EmbeddedMessaging","resolved","SKYWAVE_PHASE_4_5","2026-05-21T18:15:40.000Z","3648a988-5c8f-4eeb-a5c6-b14d73bd687a","NOT_SET","NOT_SET","","","NOT_SET","","-13.0","18:08:00","NOT_SET"
"SCRT2 - EmbeddedMessaging","resolved","SKYWAVE_PHASE_4_5","2026-05-24T15:05:03.000Z","45d1fd02-36b6-487d-a87c-d528a8114087","NOT_SET","NOT_SET","","","NOT_SET","","-10.0","15:04:00","NOT_SET"
"SCRT2 - EmbeddedMessaging","resolved","SKYWAVE_PHASE_4_5","2026-05-22T09:51:20.000Z","14b2d4fa-6cbf-424e-a429-9a7da02e87ec","NOT_SET","NOT_SET","","","NOT_SET","","-12.0","09:49:00","NOT_SET"
"SCRT2 - EmbeddedMessaging","resolved","SKYWAVE_PHASE_4_5","2026-05-29T16:28:12.000Z","6b1caea2-ad67-4922-af12-83333c219dd7","NOT_SET","NOT_SET","","","NOT_SET","","-5.0","16:20:00","NOT_SET"
"SCRT2 - EmbeddedMessaging","resolved","SKYWAVE_PHASE_4_5","2026-05-24T13:44:34.000Z","2a3c5541-65b0-4bc8-a1ac-6de7f5138679","NOT_SET","NOT_SET","","","NOT_SET","","-10.0","13:44:00","NOT_SET"
"SCRT2 - EmbeddedMessaging","resolved","SKYWAVE_PHASE_4_5","2026-06-02T13:56:40.000Z","fb62c36b-fd29-4e70-a606-6c709dc951d7","NOT_SET","NOT_SET","","","NOT_SET","","-1.0","13:51:00","NOT_SET"
"SCRT2 - EmbeddedMessaging","resolved","SKYWAVE_PHASE_4_5","2026-05-30T19:50:28.000Z","2d7a7c19-6b2a-4f5b-aab7-2bac527dfd91","NOT_SET","NOT_SET","","","NOT_SET","","-4.0","19:50:00","NOT_SET"
"SCRT2 - EmbeddedMessaging","resolved","SKYWAVE_PHASE_4_5","2026-05-27T15:28:03.000Z","1e2a4660-a4d7-4bee-a438-d925f4369077","NOT_SET","NOT_SET","","","NOT_SET","","-7.0","15:27:00","NOT_SET"
"SCRT2 - EmbeddedMessaging","resolved","SKYWAVE_PHASE_4_5","2026-05-22T08:52:17.000Z","551fc493-e42e-4281-a013-e9233d7a7df0","NOT_SET","NOT_SET","","","NOT_SET","","-12.0","08:47:00","NOT_SET"
"SCRT2 - EmbeddedMessaging","resolved","SKYWAVE_PHASE_4_5","2026-05-22T18:25:18.000Z","6a028b10-3524-4224-a001-cfea6fbcb3f6","NOT_SET","NOT_SET","","","NOT_SET","","-12.0","18:24:00","NOT_SET"
"SCRT2 - EmbeddedMessaging","resolved","SKYWAVE_PHASE_4_5","2026-05-24T19:03:54.000Z","86c88c4b-90dd-4350-ac31-c63603f4d636","NOT_SET","NOT_SET","","","NOT_SET","","-10.0","18:59:00","NOT_SET"
"SCRT2 - EmbeddedMessaging","resolved","SKYWAVE_PHASE_4_5","2026-05-21T12:46:28.000Z","5ff5713c-a7a9-4937-a7fc-1a8bd138545e","NOT_SET","NOT_SET","","","NOT_SET","","-13.0","12:42:00","NOT_SET"
"SCRT2 - EmbeddedMessaging","resolved","SKYWAVE_PHASE_4_5","2026-05-21T19:58:36.000Z","badde09e-5dbf-4155-ac64-0af353c0a724","NOT_SET","NOT_SET","","","NOT_SET","","-13.0","19:54:00","NOT_SET"
"SCRT2 - EmbeddedMessaging","resolved","SKYWAVE_PHASE_4_5","2026-05-27T13:50:11.000Z","458ea171-e9c6-4450-a2c7-c2c0e500b499","NOT_SET","NOT_SET","","","NOT_SET","","-7.0","13:49:00","NOT_SET"
"SCRT2 - EmbeddedMessaging","resolved","SKYWAVE_PHASE_4_5","2026-05-23T09:15:03.000Z","98f532e7-c750-4ed1-aee0-a35571f47700","NOT_SET","NOT_SET","","","NOT_SET","","-11.0","09:14:00","NOT_SET"
"SCRT2 - EmbeddedMessaging","resolved","SKYWAVE_PHASE_4_5","2026-06-02T08:07:22.000Z","835c4acd-8ae2-4830-ab31-1d287cd61ff4","NOT_SET","NOT_SET","","","NOT_SET","","-1.0","08:07:00","NOT_SET"
"SCRT2 - EmbeddedMessaging","resolved","SKYWAVE_PHASE_4_5","2026-05-20T14:02:42.000Z","2528817f-5027-45a8-ae93-b2a3a0f9d918","NOT_SET","NOT_SET","","","NOT_SET","","-14.0","14:02:00","NOT_SET"
"SCRT2 - EmbeddedMessaging","resolved","SKYWAVE_PHASE_4_5","2026-05-24T16:09:46.000Z","4e8c5251-86f7-4996-a2fa-f9b05169799b","NOT_SET","NOT_SET","","","NOT_SET","","-10.0","16:07:00","NOT_SET"
"SCRT2 - EmbeddedMessaging","resolved","SKYWAVE_PHASE_4_5","2026-05-31T09:23:13.000Z","316ecaa3-7a77-44a2-ad74-af6cef306b1b","NOT_SET","NOT_SET","","","NOT_SET","","-3.0","09:22:00","NOT_SET"
"SCRT2 - EmbeddedMessaging","resolved","SKYWAVE_PHASE_4_5","2026-05-29T16:11:17.000Z","19e0fa78-c972-4d91-ad26-6cff9f8884fa","NOT_SET","NOT_SET","","","NOT_SET","","-5.0","16:05:00","NOT_SET"
"SCRT2 - EmbeddedMessaging","resolved","SKYWAVE_PHASE_4_5","2026-05-29T11:54:03.000Z","4d6797c1-41bb-4ee8-a241-728e445a47fb","NOT_SET","NOT_SET","","","NOT_SET","","-5.0","11:52:00","NOT_SET"
"SCRT2 - EmbeddedMessaging","resolved","SKYWAVE_PHASE_4_5","2026-05-27T13:13:42.000Z","819436cd-170b-49d9-ae97-ec8bb4c09da2","NOT_SET","NOT_SET","","","NOT_SET","","-7.0","13:12:00","NOT_SET"
"SCRT2 - EmbeddedMessaging","resolved","SKYWAVE_PHASE_4_5","2026-06-02T14:19:48.000Z","707078b8-8fb7-4d34-af13-a68a82fe164f","NOT_SET","NOT_SET","","","NOT_SET","","-1.0","14:16:00","NOT_SET"
"SCRT2 - EmbeddedMessaging","resolved","SKYWAVE_PHASE_4_5","2026-05-20T18:09:24.000Z","9b257127-52b3-4b51-a432-a6223a12de55","NOT_SET","NOT_SET","","","NOT_SET","","-14.0","18:07:00","NOT_SET"
"SCRT2 - EmbeddedMessaging","resolved","SKYWAVE_PHASE_4_5","2026-05-24T12:09:11.000Z","9fac2bd7-67a0-49b3-a124-2fdb1281c69d","NOT_SET","NOT_SET","","","NOT_SET","","-10.0","12:08:00","NOT_SET"
"SCRT2 - EmbeddedMessaging","resolved","SKYWAVE_PHASE_4_5","2026-05-27T10:09:31.000Z","47842372-19ad-4ca1-a978-81b81e5b10d7","NOT_SET","NOT_SET","","","NOT_SET","","-7.0","10:09:00","NOT_SET"
"SCRT2 - EmbeddedMessaging","resolved","SKYWAVE_PHASE_4_5","2026-05-24T12:45:12.000Z","6eea2b47-6f28-4943-a110-c4a9e6101e23","NOT_SET","NOT_SET","","","NOT_SET","","-10.0","12:43:00","NOT_SET"
"SCRT2 - EmbeddedMessaging","resolved","SKYWAVE_PHASE_4_5","2026-05-27T19:54:32.000Z","8d3ecb44-fdd3-411a-af7e-8b6ec6d3ec39","NOT_SET","NOT_SET","","","NOT_SET","","-7.0","19:52:00","NOT_SET"
"SCRT2 - EmbeddedMessaging","resolved","SKYWAVE_PHASE_4_5","2026-05-26T14:02:21.000Z","0ca74133-6cab-4d06-a0eb-36b1825723ed","NOT_SET","NOT_SET","","","NOT_SET","","-8.0","13:55:00","NOT_SET"
"SCRT2 - EmbeddedMessaging","resolved","SKYWAVE_PHASE_4_5","2026-05-20T14:29:42.000Z","f764db21-c10b-40ae-a624-03320ef958c0","NOT_SET","NOT_SET","","","NOT_SET","","-14.0","14:29:00","NOT_SET"
"SCRT2 - EmbeddedMessaging","resolved","SKYWAVE_PHASE_4_5","2026-05-28T08:06:36.000Z","88a9eade-fc06-4a4d-a614-723554b90af2","NOT_SET","NOT_SET","","","NOT_SET","","-6.0","08:02:00","NOT_SET"
"SCRT2 - EmbeddedMessaging","resolved","SKYWAVE_PHASE_4_5","2026-05-25T09:10:37.000Z","63188277-16b4-49dc-ab87-c028c6f9b436","NOT_SET","NOT_SET","","","NOT_SET","","-9.0","09:05:00","NOT_SET"
"SCRT2 - EmbeddedMessaging","resolved","SKYWAVE_PHASE_4_5","2026-05-30T19:21:53.000Z","5167672f-b19f-4ce3-ac61-4e41841f4bc1","NOT_SET","NOT_SET","","","NOT_SET","","-4.0","19:17:00","NOT_SET"
"SCRT2 - EmbeddedMessaging","resolved","SKYWAVE_PHASE_4_5","2026-05-20T18:03:33.000Z","4f218353-2e3a-43b9-a651-94c5f0889f6a","NOT_SET","NOT_SET","","","NOT_SET","","-14.0","17:53:00","NOT_SET"
"SCRT2 - EmbeddedMessaging","resolved","SKYWAVE_PHASE_4_5","2026-05-24T19:12:52.000Z","481d8c21-ab81-4799-ac97-2c2d7080907e","NOT_SET","NOT_SET","","","NOT_SET","","-10.0","19:11:00","NOT_SET"
"SCRT2 - EmbeddedMessaging","resolved","SKYWAVE_PHASE_4_5","2026-05-20T19:38:30.000Z","427bf0c4-d631-4e88-a540-86a1425fb9d6","NOT_SET","NOT_SET","","","NOT_SET","","-14.0","19:38:00","NOT_SET"
"SCRT2 - EmbeddedMessaging","resolved","SKYWAVE_PHASE_4_5","2026-06-02T10:03:03.000Z","ea4a996f-8d80-4d4f-af86-311f53621ebd","NOT_SET","NOT_SET","","","NOT_SET","","-1.0","10:00:00","NOT_SET"
"SCRT2 - EmbeddedMessaging","resolved","SKYWAVE_PHASE_4_5","2026-05-26T14:09:12.000Z","89c7198c-93d7-40f4-a028-ed21d30f9cf3","NOT_SET","NOT_SET","","","NOT_SET","","-8.0","14:01:00","NOT_SET"
"SCRT2 - EmbeddedMessaging","resolved","SKYWAVE_PHASE_4_5","2026-05-21T11:53:03.000Z","c9b4038e-ca84-4bc0-a6cb-236289b5b4f7","NOT_SET","NOT_SET","","","NOT_SET","","-13.0","11:52:00","NOT_SET"
"SCRT2 - EmbeddedMessaging","resolved","SKYWAVE_PHASE_4_5","2026-05-26T17:13:32.000Z","244eb279-2fde-43c3-a694-a73087fd50d6","NOT_SET","NOT_SET","","","NOT_SET","","-8.0","17:13:00","NOT_SET"
"SCRT2 - EmbeddedMessaging","resolved","SKYWAVE_PHASE_4_5","2026-05-30T15:27:05.000Z","a541ac12-55df-4732-ac1a-dc7afcf66b6e","NOT_SET","NOT_SET","","","NOT_SET","","-4.0","15:20:00","NOT_SET"
"SCRT2 - EmbeddedMessaging","resolved","SKYWAVE_PHASE_4_5","2026-05-31T12:13:47.000Z","f5c3ba54-9910-4fde-a0cf-b2fefc8a6051","NOT_SET","NOT_SET","","","NOT_SET","","-3.0","12:10:00","NOT_SET"
"SCRT2 - EmbeddedMessaging","resolved","SKYWAVE_PHASE_4_5","2026-05-22T18:40:39.000Z","97c37d76-81dc-4982-adaa-6552526b047c","NOT_SET","NOT_SET","","","NOT_SET","","-12.0","18:40:00","NOT_SET"
"SCRT2 - EmbeddedMessaging","resolved","SKYWAVE_PHASE_4_5","2026-05-30T16:50:13.000Z","613b5885-470e-4aeb-aa5f-d236c6b16764","NOT_SET","NOT_SET","","","NOT_SET","","-4.0","16:41:00","NOT_SET"
"SCRT2 - EmbeddedMessaging","resolved","SKYWAVE_PHASE_4_5","2026-05-22T14:08:36.000Z","eb667c0b-94b1-4814-a601-84e8f1fa47bb","NOT_SET","NOT_SET","","","NOT_SET","","-12.0","14:08:00","NOT_SET"
"SCRT2 - EmbeddedMessaging","resolved","SKYWAVE_PHASE_4_5","2026-05-31T12:56:35.000Z","3d7a21b6-8cd1-4106-a1a5-ad823089fb7c","NOT_SET","NOT_SET","","","NOT_SET","","-3.0","12:54:00","NOT_SET"
"SCRT2 - EmbeddedMessaging","resolved","SKYWAVE_PHASE_4_5","2026-06-01T09:00:01.000Z","6573935b-c3a3-4bce-aedf-759581de0868","NOT_SET","NOT_SET","","","NOT_SET","","-2.0","08:59:00","NOT_SET"
"SCRT2 - EmbeddedMessaging","resolved","SKYWAVE_PHASE_4_5","2026-05-24T09:23:06.000Z","7eb34650-5a82-49c1-a085-88c212c04861","NOT_SET","NOT_SET","","","NOT_SET","","-10.0","09:21:00","NOT_SET"
"SCRT2 - EmbeddedMessaging","resolved","SKYWAVE_PHASE_4_5","2026-05-22T09:22:51.000Z","31ba6983-a7e1-4051-a6ee-dce2b6c0ef6b","NOT_SET","NOT_SET","","","NOT_SET","","-12.0","09:22:00","NOT_SET"
"SCRT2 - EmbeddedMessaging","resolved","SKYWAVE_PHASE_4_5","2026-05-28T10:56:46.000Z","73731351-0c9e-4ef5-a879-2dbe07135d90","NOT_SET","NOT_SET","","","NOT_SET","","-6.0","10:56:00","NOT_SET"
"SCRT2 - EmbeddedMessaging","resolved","SKYWAVE_PHASE_4_5","2026-05-27T08:29:13.000Z","07c6a79c-d59f-42ad-ad01-a89520fe1c23","NOT_SET","NOT_SET","","","NOT_SET","","-7.0","08:28:00","NOT_SET"
"SCRT2 - EmbeddedMessaging","resolved","SKYWAVE_PHASE_4_5","2026-05-31T10:57:45.000Z","58c0c818-c539-490a-a92c-7d792ac03808","NOT_SET","NOT_SET","","","NOT_SET","","-3.0","10:47:00","NOT_SET"
"SCRT2 - EmbeddedMessaging","resolved","SKYWAVE_PHASE_4_5","2026-05-20T13:45:22.000Z","02280af3-fd2f-407e-a3b2-de90428b6cdf","NOT_SET","NOT_SET","","","NOT_SET","","-14.0","13:41:00","NOT_SET"
"SCRT2 - EmbeddedMessaging","resolved","SKYWAVE_PHASE_4_5","2026-05-31T13:02:37.000Z","b4fdb351-5019-4e06-a3ad-b65984fca5db","NOT_SET","NOT_SET","","","NOT_SET","","-3.0","12:55:00","NOT_SET"
"SCRT2 - EmbeddedMessaging","resolved","SKYWAVE_PHASE_4_5","2026-05-23T14:34:05.000Z","d2ce0776-4d5e-49fd-a5e5-567acdfeb10e","NOT_SET","NOT_SET","","","NOT_SET","","-11.0","14:30:00","NOT_SET"
"SCRT2 - EmbeddedMessaging","resolved","SKYWAVE_PHASE_4_5","2026-05-23T18:01:46.000Z","cd0adb63-3c3e-4c08-a8b2-6827b21d8f14","NOT_SET","NOT_SET","","","NOT_SET","","-11.0","17:57:00","NOT_SET"
"SCRT2 - EmbeddedMessaging","resolved","SKYWAVE_PHASE_4_5","2026-05-27T13:40:27.000Z","67d6ad5f-9e1a-4adc-a665-e2b24e7836c8","NOT_SET","NOT_SET","","","NOT_SET","","-7.0","13:40:00","NOT_SET"
"SCRT2 - EmbeddedMessaging","resolved","SKYWAVE_PHASE_4_5","2026-06-01T13:08:59.000Z","972b84eb-f0ed-49c8-a1b2-a3097ee416cd","NOT_SET","NOT_SET","","","NOT_SET","","-2.0","13:08:00","NOT_SET"
"SCRT2 - EmbeddedMessaging","resolved","SKYWAVE_PHASE_4_5","2026-05-22T13:33:23.000Z","680cc0bc-3434-455e-afaa-7eb1fd869998","NOT_SET","NOT_SET","","","NOT_SET","","-12.0","13:33:00","NOT_SET"
"SCRT2 - EmbeddedMessaging","resolved","SKYWAVE_PHASE_4_5","2026-06-01T15:10:47.000Z","c4d4259f-7b20-4f60-a358-864aaade7044","NOT_SET","NOT_SET","","","NOT_SET","","-2.0","15:03:00","NOT_SET"
"SCRT2 - EmbeddedMessaging","resolved","SKYWAVE_PHASE_4_5","2026-05-24T11:32:52.000Z","c1cfc869-1266-4c13-a39d-031dbeef5cbb","NOT_SET","NOT_SET","","","NOT_SET","","-10.0","11:30:00","NOT_SET"
"SCRT2 - EmbeddedMessaging","resolved","SKYWAVE_PHASE_4_5","2026-05-25T19:32:33.000Z","269d222c-beb5-411f-a5d1-9cac1be610ba","NOT_SET","NOT_SET","","","NOT_SET","","-9.0","19:32:00","NOT_SET"
"SCRT2 - EmbeddedMessaging","resolved","SKYWAVE_PHASE_4_5","2026-05-31T11:47:49.000Z","fd26ab1b-429c-435d-a6f0-69a5f90e0b92","NOT_SET","NOT_SET","","","NOT_SET","","-3.0","11:47:00","NOT_SET"
"SCRT2 - EmbeddedMessaging","resolved","SKYWAVE_PHASE_4_5","2026-05-25T10:29:40.000Z","f1de6a80-5e0a-4205-af64-4bc1f90f9757","NOT_SET","NOT_SET","","","NOT_SET","","-9.0","10:29:00","NOT_SET"
"SCRT2 - EmbeddedMessaging","resolved","SKYWAVE_PHASE_4_5","2026-05-26T17:48:43.000Z","30c831a4-c098-4996-a99a-bff00844a2aa","NOT_SET","NOT_SET","","","NOT_SET","","-8.0","17:42:00","NOT_SET"
"SCRT2 - EmbeddedMessaging","resolved","SKYWAVE_PHASE_4_5","2026-06-01T10:39:07.000Z","2b3dc4a5-56d8-4197-a61e-a2315c408b96","NOT_SET","NOT_SET","","","NOT_SET","","-2.0","10:38:00","NOT_SET"
"SCRT2 - EmbeddedMessaging","resolved","SKYWAVE_PHASE_4_5","2026-05-27T13:28:57.000Z","18e49dca-8c1e-40ac-a392-9eb6dc9f3249","NOT_SET","NOT_SET","","","NOT_SET","","-7.0","13:18:00","NOT_SET"
"SCRT2 - EmbeddedMessaging","resolved","SKYWAVE_PHASE_4_5","2026-06-02T19:19:13.000Z","a5895352-924b-4684-af99-60adbf3fa920","NOT_SET","NOT_SET","","","NOT_SET","","-1.0","19:16:00","NOT_SET"
"SCRT2 - EmbeddedMessaging","resolved","SKYWAVE_PHASE_4_5","2026-05-28T12:09:00.000Z","2227f6d7-5a56-482b-ad7f-39e74d6cb872","NOT_SET","NOT_SET","","","NOT_SET","","-6.0","12:02:00","NOT_SET"
"SCRT2 - EmbeddedMessaging","resolved","SKYWAVE_PHASE_4_5","2026-06-02T16:00:26.000Z","6998d371-29ff-4850-a891-b069b030eb83","NOT_SET","NOT_SET","","","NOT_SET","","-1.0","15:57:00","NOT_SET"
"SCRT2 - EmbeddedMessaging","resolved","SKYWAVE_PHASE_4_5","2026-05-25T08:32:16.000Z","1e221a66-d292-4c44-a629-9c0d4f4afcfb","NOT_SET","NOT_SET","","","NOT_SET","","-9.0","08:31:00","NOT_SET"
"SCRT2 - EmbeddedMessaging","resolved","SKYWAVE_PHASE_4_5","2026-05-31T15:38:11.000Z","0558aeba-0169-45a5-a863-15192945e7ea","NOT_SET","NOT_SET","","","NOT_SET","","-3.0","15:33:00","NOT_SET"
"SCRT2 - EmbeddedMessaging","resolved","SKYWAVE_PHASE_4_5","2026-05-21T14:07:41.000Z","cee0936b-6772-44fc-aef7-062a7afac5fb","NOT_SET","NOT_SET","","","NOT_SET","","-13.0","14:07:00","NOT_SET"
"SCRT2 - EmbeddedMessaging","resolved","SKYWAVE_PHASE_4_5","2026-05-30T09:06:58.000Z","0a6a4440-d5d1-4c54-accf-942154a88da9","NOT_SET","NOT_SET","","","NOT_SET","","-4.0","09:06:00","NOT_SET"
"SCRT2 - EmbeddedMessaging","resolved","SKYWAVE_PHASE_4_5","2026-05-27T13:41:10.000Z","7a0ce76c-2f75-4e7f-a570-20f9617d59da","NOT_SET","NOT_SET","","","NOT_SET","","-7.0","13:38:00","NOT_SET"
"SCRT2 - EmbeddedMessaging","resolved","SKYWAVE_PHASE_4_5","2026-05-27T15:06:17.000Z","8d363ce9-c3ec-4b71-ac25-5b6a175d035c","NOT_SET","NOT_SET","","","NOT_SET","","-7.0","15:05:00","NOT_SET"
"SCRT2 - EmbeddedMessaging","resolved","SKYWAVE_PHASE_4_5","2026-05-28T18:25:52.000Z","34ebad70-293d-43a5-a0d0-8f887cb87097","NOT_SET","NOT_SET","","","NOT_SET","","-6.0","18:19:00","NOT_SET"
"SCRT2 - EmbeddedMessaging","resolved","SKYWAVE_PHASE_4_5","2026-05-31T09:36:34.000Z","66f70a93-2bc9-4def-aea9-8657a68bd12e","NOT_SET","NOT_SET","","","NOT_SET","","-3.0","09:34:00","NOT_SET"
"SCRT2 - EmbeddedMessaging","resolved","SKYWAVE_PHASE_4_5","2026-05-30T08:27:58.000Z","a20ba675-49ee-4a70-af69-21bccf6bb7d4","NOT_SET","NOT_SET","","","NOT_SET","","-4.0","08:26:00","NOT_SET"
"SCRT2 - EmbeddedMessaging","resolved","SKYWAVE_PHASE_4_5","2026-05-22T09:05:39.000Z","145617bd-f7d5-424d-a37b-2cc54d99cdad","NOT_SET","NOT_SET","","","NOT_SET","","-12.0","09:00:00","NOT_SET"
"SCRT2 - EmbeddedMessaging","resolved","SKYWAVE_PHASE_4_5","2026-05-24T10:47:44.000Z","4db350ac-b724-4424-ae6c-a3ae4e58879d","NOT_SET","NOT_SET","","","NOT_SET","","-10.0","10:40:00","NOT_SET"
"SCRT2 - EmbeddedMessaging","resolved","SKYWAVE_PHASE_4_5","2026-05-28T18:01:53.000Z","5cf1fc74-d2e4-419d-a70d-26ea7e964a84","NOT_SET","NOT_SET","","","NOT_SET","","-6.0","18:01:00","NOT_SET"
"SCRT2 - EmbeddedMessaging","resolved","SKYWAVE_PHASE_4_5","2026-05-30T08:26:12.000Z","219da89a-c5cd-4fdf-a612-b98d244a5bcb","NOT_SET","NOT_SET","","","NOT_SET","","-4.0","08:24:00","NOT_SET"
"SCRT2 - EmbeddedMessaging","resolved","SKYWAVE_PHASE_4_5","2026-05-29T10:00:57.000Z","9a68f314-dc0e-48d1-aed7-44af7c2479c9","NOT_SET","NOT_SET","","","NOT_SET","","-5.0","10:00:00","NOT_SET"
"SCRT2 - EmbeddedMessaging","resolved","SKYWAVE_PHASE_4_5","2026-05-31T19:51:12.000Z","5dd36b0a-d270-41be-a9ef-93ffb2daaa6b","NOT_SET","NOT_SET","","","NOT_SET","","-3.0","19:45:00","NOT_SET"
"SCRT2 - EmbeddedMessaging","resolved","SKYWAVE_PHASE_4_5","2026-05-21T15:05:16.000Z","a3013d9c-2301-4a5a-a6cd-274731e8af2e","NOT_SET","NOT_SET","","","NOT_SET","","-13.0","14:59:00","NOT_SET"
"SCRT2 - EmbeddedMessaging","resolved","SKYWAVE_PHASE_4_5","2026-05-29T10:07:27.000Z","92137894-6f0f-4506-ac2b-52fa3776ad99","NOT_SET","NOT_SET","","","NOT_SET","","-5.0","10:07:00","NOT_SET"
"SCRT2 - EmbeddedMessaging","resolved","SKYWAVE_PHASE_4_5","2026-05-27T17:22:29.000Z","80c20992-72e7-4c38-af22-3c49576d4458","NOT_SET","NOT_SET","","","NOT_SET","","-7.0","17:20:00","NOT_SET"
"SCRT2 - EmbeddedMessaging","resolved","SKYWAVE_PHASE_4_5","2026-05-27T18:27:28.000Z","008e224e-6b5e-47fc-a054-a8f16b3a8263","NOT_SET","NOT_SET","","","NOT_SET","","-7.0","18:27:00","NOT_SET"
"SCRT2 - EmbeddedMessaging","resolved","SKYWAVE_PHASE_4_5","2026-05-23T15:55:55.000Z","4bcc7729-5fbe-4bd5-a16c-63248ea1247f","NOT_SET","NOT_SET","","","NOT_SET","","-11.0","15:54:00","NOT_SET"
"SCRT2 - EmbeddedMessaging","resolved","SKYWAVE_PHASE_4_5","2026-05-25T19:11:42.000Z","9b72b6e7-d7b7-463d-ad6a-72cc999124a9","NOT_SET","NOT_SET","","","NOT_SET","","-9.0","19:06:00","NOT_SET"
"SCRT2 - EmbeddedMessaging","resolved","SKYWAVE_PHASE_4_5","2026-05-21T12:21:53.000Z","49529b76-dfaf-4818-a202-fd6381395f50","NOT_SET","NOT_SET","","","NOT_SET","","-13.0","12:12:00","NOT_SET"
"SCRT2 - EmbeddedMessaging","resolved","SKYWAVE_PHASE_4_5","2026-05-23T18:14:44.000Z","7f60af3c-9304-46e8-a7e2-f8aec150ad99","NOT_SET","NOT_SET","","","NOT_SET","","-11.0","18:08:00","NOT_SET"
"SCRT2 - EmbeddedMessaging","resolved","SKYWAVE_PHASE_4_5","2026-05-31T10:27:03.000Z","f8ebdf6a-afac-4695-ab24-7f206ccb7cf2","NOT_SET","NOT_SET","","","NOT_SET","","-3.0","10:23:00","NOT_SET"
"SCRT2 - EmbeddedMessaging","resolved","SKYWAVE_PHASE_4_5","2026-05-26T13:16:05.000Z","2cec9cab-1cae-4ac7-a385-4bcefe645804","NOT_SET","NOT_SET","","","NOT_SET","","-8.0","13:15:00","NOT_SET"
"SCRT2 - EmbeddedMessaging","resolved","SKYWAVE_PHASE_4_5","2026-05-31T16:18:48.000Z","17b778a3-ea97-4809-a1a9-819d99bd0074","NOT_SET","NOT_SET","","","NOT_SET","","-3.0","16:18:00","NOT_SET"
"SCRT2 - EmbeddedMessaging","resolved","SKYWAVE_PHASE_4_5","2026-05-31T19:35:57.000Z","e96c9eb2-0ce5-41a6-acfd-7f5f144b9f20","NOT_SET","NOT_SET","","","NOT_SET","","-3.0","19:25:00","NOT_SET"
"SCRT2 - EmbeddedMessaging","resolved","SKYWAVE_PHASE_4_5","2026-05-25T19:12:05.000Z","9de69977-6d3b-4b2c-afcb-0c119a26ae38","NOT_SET","NOT_SET","","","NOT_SET","","-9.0","19:11:00","NOT_SET"
"SCRT2 - EmbeddedMessaging","resolved","SKYWAVE_PHASE_4_5","2026-05-24T12:23:16.000Z","7d98dda4-aa43-43af-af0f-ef10bfe99442","NOT_SET","NOT_SET","","","NOT_SET","","-10.0","12:19:00","NOT_SET"
"SCRT2 - EmbeddedMessaging","resolved","SKYWAVE_PHASE_4_5","2026-06-01T18:57:23.000Z","68024bc0-7a86-4886-a8f4-013b34c15244","NOT_SET","NOT_SET","","","NOT_SET","","-2.0","18:55:00","NOT_SET"
"SCRT2 - EmbeddedMessaging","resolved","SKYWAVE_PHASE_4_5","2026-05-30T16:26:15.000Z","18742c64-7e9d-4e5d-a264-6e0973b015db","NOT_SET","NOT_SET","","","NOT_SET","","-4.0","16:25:00","NOT_SET"
"SCRT2 - EmbeddedMessaging","resolved","SKYWAVE_PHASE_4_5","2026-06-01T19:00:28.000Z","bc817ceb-5459-4a6c-a5d6-07c3e96dfb35","NOT_SET","NOT_SET","","","NOT_SET","","-2.0","19:00:00","NOT_SET"
"SCRT2 - EmbeddedMessaging","resolved","SKYWAVE_PHASE_4_5","2026-05-29T11:19:08.000Z","f6b0021b-6913-41b3-aa8f-d5217ac0e4fe","NOT_SET","NOT_SET","","","NOT_SET","","-5.0","11:15:00","NOT_SET"
"SCRT2 - EmbeddedMessaging","resolved","SKYWAVE_PHASE_4_5","2026-06-01T11:57:40.000Z","a6b4541a-2de5-4311-aa6a-a1734b0fb27f","NOT_SET","NOT_SET","","","NOT_SET","","-2.0","11:54:00","NOT_SET"
"SCRT2 - EmbeddedMessaging","resolved","SKYWAVE_PHASE_4_5","2026-06-01T14:53:14.000Z","16cce24b-d2b4-4e40-a007-c9e280109e0c","NOT_SET","NOT_SET","","","NOT_SET","","-2.0","14:48:00","NOT_SET"
"SCRT2 - EmbeddedMessaging","resolved","SKYWAVE_PHASE_4_5","2026-05-31T10:52:27.000Z","71a998a2-e14c-45ad-a12e-b457d7efcff8","NOT_SET","NOT_SET","","","NOT_SET","","-3.0","10:48:00","NOT_SET"
"SCRT2 - EmbeddedMessaging","resolved","SKYWAVE_PHASE_4_5","2026-05-24T16:55:47.000Z","0baea545-b2dc-460f-aa08-7b5eb3dd7a1b","NOT_SET","NOT_SET","","","NOT_SET","","-10.0","16:55:00","NOT_SET"
"SCRT2 - EmbeddedMessaging","resolved","SKYWAVE_PHASE_4_5","2026-05-24T16:14:32.000Z","fd1e575e-35d2-4b05-a655-9c10eca5507d","NOT_SET","NOT_SET","","","NOT_SET","","-10.0","16:09:00","NOT_SET"
"SCRT2 - EmbeddedMessaging","resolved","SKYWAVE_PHASE_4_5","2026-05-22T18:23:47.000Z","74a2c710-3ab0-447f-a8b2-b6072dd759b2","NOT_SET","NOT_SET","","","NOT_SET","","-12.0","18:21:00","NOT_SET"
"SCRT2 - EmbeddedMessaging","resolved","SKYWAVE_PHASE_4_5","2026-06-02T16:09:31.000Z","9dce345a-4d85-41ef-a29d-f6b83e38bc90","NOT_SET","NOT_SET","","","NOT_SET","","-1.0","16:09:00","NOT_SET"
"SCRT2 - EmbeddedMessaging","resolved","SKYWAVE_PHASE_4_5","2026-05-21T19:21:57.000Z","8aa6b65f-9560-4405-a4ea-480fd3b83864","NOT_SET","NOT_SET","","","NOT_SET","","-13.0","19:18:00","NOT_SET"
"SCRT2 - EmbeddedMessaging","resolved","SKYWAVE_PHASE_4_5","2026-06-02T16:06:20.000Z","9564a0f8-7090-40b7-a251-2b6e1bb76d72","NOT_SET","NOT_SET","","","NOT_SET","","-1.0","16:01:00","NOT_SET"
"SCRT2 - EmbeddedMessaging","resolved","SKYWAVE_PHASE_4_5","2026-05-25T18:52:52.000Z","7e0e05c6-98f0-4732-a25b-ceb4d3c0ae6d","NOT_SET","NOT_SET","","","NOT_SET","","-9.0","18:51:00","NOT_SET"
"SCRT2 - EmbeddedMessaging","resolved","SKYWAVE_PHASE_4_5","2026-06-01T12:22:43.000Z","6d3ba60d-dcd1-4d4f-a2c8-b8325a420e1f","NOT_SET","NOT_SET","","","NOT_SET","","-2.0","12:19:00","NOT_SET"
"SCRT2 - EmbeddedMessaging","resolved","SKYWAVE_PHASE_4_5","2026-06-02T17:49:06.000Z","42c1b1c7-40b5-48fc-aa2c-b8af97c32f15","NOT_SET","NOT_SET","","","NOT_SET","","-1.0","17:48:00","NOT_SET"
"SCRT2 - EmbeddedMessaging","resolved","SKYWAVE_PHASE_4_5","2026-05-26T13:02:43.000Z","a2ffa8cf-179e-43bd-aa79-46141990e949","NOT_SET","NOT_SET","","","NOT_SET","","-8.0","13:02:00","NOT_SET"
"SCRT2 - EmbeddedMessaging","resolved","SKYWAVE_PHASE_4_5","2026-05-26T17:41:32.000Z","3dfbe3e6-fba8-4f49-a81c-7523ecad0a47","NOT_SET","NOT_SET","","","NOT_SET","","-8.0","17:37:00","NOT_SET"
"SCRT2 - EmbeddedMessaging","resolved","SKYWAVE_PHASE_4_5","2026-05-27T17:16:37.000Z","d296eb06-56ac-4e77-ace6-87ecf8bbc226","NOT_SET","NOT_SET","","","NOT_SET","","-7.0","17:10:00","NOT_SET"
"SCRT2 - EmbeddedMessaging","resolved","SKYWAVE_PHASE_4_5","2026-05-22T13:32:46.000Z","73986325-4d73-4df2-a23f-4b418945029a","NOT_SET","NOT_SET","","","NOT_SET","","-12.0","13:32:00","NOT_SET"
"SCRT2 - EmbeddedMessaging","resolved","SKYWAVE_PHASE_4_5","2026-05-30T09:16:40.000Z","28738406-d9ec-4c67-ac6e-13df75fa62b4","NOT_SET","NOT_SET","","","NOT_SET","","-4.0","09:02:00","NOT_SET"
"SCRT2 - EmbeddedMessaging","resolved","SKYWAVE_PHASE_4_5","2026-05-28T16:58:19.000Z","e6c958d8-6db4-4e7e-a92f-663813376e91","NOT_SET","NOT_SET","","","NOT_SET","","-6.0","16:55:00","NOT_SET"
"SCRT2 - EmbeddedMessaging","resolved","SKYWAVE_PHASE_4_5","2026-05-26T13:25:05.000Z","ab8b2235-96e7-4738-a629-22efa69c9817","NOT_SET","NOT_SET","","","NOT_SET","","-8.0","13:23:00","NOT_SET"
"SCRT2 - EmbeddedMessaging","resolved","SKYWAVE_PHASE_4_5","2026-05-29T12:45:57.000Z","de407bb5-e33d-49d4-a336-6d05c16f6ece","NOT_SET","NOT_SET","","","NOT_SET","","-5.0","12:42:00","NOT_SET"
"SCRT2 - EmbeddedMessaging","resolved","SKYWAVE_PHASE_4_5","2026-05-20T08:42:23.000Z","293fc297-3bfa-4417-a530-3bd9b0934edd","NOT_SET","NOT_SET","","","NOT_SET","","-14.0","08:42:00","NOT_SET"
"SCRT2 - EmbeddedMessaging","resolved","SKYWAVE_PHASE_4_5","2026-05-21T16:42:27.000Z","cbd4e804-7fdd-461b-a786-83c8d68467ae","NOT_SET","NOT_SET","","","NOT_SET","","-13.0","16:40:00","NOT_SET"
"SCRT2 - EmbeddedMessaging","resolved","SKYWAVE_PHASE_4_5","2026-05-27T18:59:27.000Z","8bb69671-3e85-43c1-a954-a4505b13f073","NOT_SET","NOT_SET","","","NOT_SET","","-7.0","18:54:00","NOT_SET"
"SCRT2 - EmbeddedMessaging","resolved","SKYWAVE_PHASE_4_5","2026-05-25T08:57:19.000Z","28ca6435-65ad-4f7a-a1d8-9bc5573f16a0","NOT_SET","NOT_SET","","","NOT_SET","","-9.0","08:51:00","NOT_SET"
"SCRT2 - EmbeddedMessaging","resolved","SKYWAVE_PHASE_4_5","2026-05-20T12:50:51.000Z","a40c8fdf-8bf0-47a4-ae49-a9d266ac7362","NOT_SET","NOT_SET","","","NOT_SET","","-14.0","12:50:00","NOT_SET"
"SCRT2 - EmbeddedMessaging","resolved","SKYWAVE_PHASE_4_5","2026-05-22T13:22:48.000Z","566e35bc-b781-432b-a362-adb983d35275","NOT_SET","NOT_SET","","","NOT_SET","","-12.0","13:18:00","NOT_SET"
"SCRT2 - EmbeddedMessaging","resolved","SKYWAVE_PHASE_4_5","2026-06-02T18:31:16.000Z","c9de933d-ed30-46ed-aa36-e424d453b093","NOT_SET","NOT_SET","","","NOT_SET","","-1.0","18:22:00","NOT_SET"
"SCRT2 - EmbeddedMessaging","resolved","SKYWAVE_PHASE_4_5","2026-06-02T16:07:24.000Z","f387fbd4-6401-4ce5-aa4b-15c775e87c5a","NOT_SET","NOT_SET","","","NOT_SET","","-1.0","16:07:00","NOT_SET"
"SCRT2 - EmbeddedMessaging","resolved","SKYWAVE_PHASE_4_5","2026-05-21T14:27:52.000Z","544d3f4f-2885-40ea-a023-fdf1fe09e42f","NOT_SET","NOT_SET","","","NOT_SET","","-13.0","14:25:00","NOT_SET"
"SCRT2 - EmbeddedMessaging","resolved","SKYWAVE_PHASE_4_5","2026-06-02T08:14:54.000Z","14922ad9-90b3-4444-acf7-8b645e01f09d","NOT_SET","NOT_SET","","","NOT_SET","","-1.0","08:14:00","NOT_SET"
"SCRT2 - EmbeddedMessaging","resolved","SKYWAVE_PHASE_4_5","2026-06-02T13:43:34.000Z","d067e117-48f4-4244-a4f5-d9a138cd18eb","NOT_SET","NOT_SET","","","NOT_SET","","-1.0","13:41:00","NOT_SET"
"SCRT2 - EmbeddedMessaging","resolved","SKYWAVE_PHASE_4_5","2026-06-01T16:38:23.000Z","e9061720-7ee9-4aa9-a7b9-088a44724ec2","NOT_SET","NOT_SET","","","NOT_SET","","-2.0","16:34:00","NOT_SET"
"SCRT2 - EmbeddedMessaging","resolved","SKYWAVE_PHASE_4_5","2026-05-28T15:20:53.000Z","94148ba5-d821-41f8-ac7b-920ad8825ee9","NOT_SET","NOT_SET","","","NOT_SET","","-6.0","15:20:00","NOT_SET"
"SCRT2 - EmbeddedMessaging","resolved","SKYWAVE_PHASE_4_5","2026-05-27T13:06:20.000Z","6ecf46e7-fccf-4e3f-a4ed-8f8db12f5279","NOT_SET","NOT_SET","","","NOT_SET","","-7.0","13:05:00","NOT_SET"
"SCRT2 - EmbeddedMessaging","resolved","SKYWAVE_PHASE_4_5","2026-05-22T12:55:39.000Z","2ddbd2bb-5387-4e84-a06c-19b0eaff1b83","NOT_SET","NOT_SET","","","NOT_SET","","-12.0","12:55:00","NOT_SET"
"SCRT2 - EmbeddedMessaging","resolved","SKYWAVE_PHASE_4_5","2026-05-27T17:22:12.000Z","95dd4a66-8a18-4a1e-a0c9-b01f8ab541b5","NOT_SET","NOT_SET","","","NOT_SET","","-7.0","17:16:00","NOT_SET"
"SCRT2 - EmbeddedMessaging","resolved","SKYWAVE_PHASE_4_5","2026-05-25T19:41:55.000Z","6987e5e8-c042-4ff9-ac77-c7152a5eb4da","NOT_SET","NOT_SET","","","NOT_SET","","-9.0","19:37:00","NOT_SET"
"SCRT2 - EmbeddedMessaging","resolved","SKYWAVE_PHASE_4_5","2026-05-26T11:35:22.000Z","bb410fd9-097b-4f58-aad0-132aba967735","NOT_SET","NOT_SET","","","NOT_SET","","-8.0","11:31:00","NOT_SET"
"SCRT2 - EmbeddedMessaging","resolved","SKYWAVE_PHASE_4_5","2026-05-20T12:29:43.000Z","4048e5ad-d8c1-4239-ae4a-364810e95cef","NOT_SET","NOT_SET","","","NOT_SET","","-14.0","12:27:00","NOT_SET"
"SCRT2 - EmbeddedMessaging","resolved","SKYWAVE_PHASE_4_5","2026-05-22T15:46:30.000Z","f04d6e62-cf57-43bb-aee5-d75cb369a098","NOT_SET","NOT_SET","","","NOT_SET","","-12.0","15:44:00","NOT_SET"
"SCRT2 - EmbeddedMessaging","resolved","SKYWAVE_PHASE_4_5","2026-05-27T15:02:18.000Z","4f3bc141-0187-44af-af6e-7355c68d2cac","NOT_SET","NOT_SET","","","NOT_SET","","-7.0","15:01:00","NOT_SET"
"SCRT2 - EmbeddedMessaging","resolved","SKYWAVE_PHASE_4_5","2026-05-27T14:23:52.000Z","c57da819-0810-4382-a703-09b7ae1fa124","NOT_SET","NOT_SET","","","NOT_SET","","-7.0","14:17:00","NOT_SET"
"SCRT2 - EmbeddedMessaging","resolved","SKYWAVE_PHASE_4_5","2026-05-28T19:34:44.000Z","f2934058-8713-4a3d-a92b-22c96be291a0","NOT_SET","NOT_SET","","","NOT_SET","","-6.0","19:32:00","NOT_SET"
"SCRT2 - EmbeddedMessaging","resolved","SKYWAVE_PHASE_4_5","2026-05-27T10:33:34.000Z","33c96ed5-006e-4361-a8c2-e901b03f8167","NOT_SET","NOT_SET","","","NOT_SET","","-7.0","10:33:00","NOT_SET"
"SCRT2 - EmbeddedMessaging","resolved","SKYWAVE_PHASE_4_5","2026-05-27T14:45:19.000Z","a49201da-3ca8-4116-a9b4-8376d96ff55a","NOT_SET","NOT_SET","","","NOT_SET","","-7.0","14:44:00","NOT_SET"
"SCRT2 - EmbeddedMessaging","resolved","SKYWAVE_PHASE_4_5","2026-05-28T15:33:00.000Z","ceba1b7e-4333-467d-a860-8532e4e63978","NOT_SET","NOT_SET","","","NOT_SET","","-6.0","15:32:00","NOT_SET"
"SCRT2 - EmbeddedMessaging","resolved","SKYWAVE_PHASE_4_5","2026-05-30T10:39:34.000Z","1566249e-b2a0-4503-aa47-cd4dd18017b5","NOT_SET","NOT_SET","","","NOT_SET","","-4.0","10:36:00","NOT_SET"
"SCRT2 - EmbeddedMessaging","resolved","SKYWAVE_PHASE_4_5","2026-06-01T17:28:08.000Z","1ef2fb75-a175-447e-ad83-9fde26e7835f","NOT_SET","NOT_SET","","","NOT_SET","","-2.0","17:19:00","NOT_SET"
"SCRT2 - EmbeddedMessaging","resolved","SKYWAVE_PHASE_4_5","2026-05-29T12:36:49.000Z","9acff8c0-8643-464a-ae1a-58b590d9579c","NOT_SET","NOT_SET","","","NOT_SET","","-5.0","12:36:00","NOT_SET"
"SCRT2 - EmbeddedMessaging","resolved","SKYWAVE_PHASE_4_5","2026-05-27T16:43:25.000Z","dbd83069-5419-409e-a6f0-6a55b2995b5c","NOT_SET","NOT_SET","","","NOT_SET","","-7.0","16:38:00","NOT_SET"
"SCRT2 - EmbeddedMessaging","resolved","SKYWAVE_PHASE_4_5","2026-05-30T17:47:18.000Z","0f45d290-db57-420b-acae-d7d338b17cba","NOT_SET","NOT_SET","","","NOT_SET","","-4.0","17:46:00","NOT_SET"
"SCRT2 - EmbeddedMessaging","resolved","SKYWAVE_PHASE_4_5","2026-05-31T11:33:59.000Z","7d84821b-2955-49c4-a1c3-92dd6e0a3d0a","NOT_SET","NOT_SET","","","NOT_SET","","-3.0","11:33:00","NOT_SET"
"SCRT2 - EmbeddedMessaging","resolved","SKYWAVE_PHASE_4_5","2026-06-01T09:52:08.000Z","0d17a3e7-0a9c-4e69-a5ad-ee865b4a7f6e","NOT_SET","NOT_SET","","","NOT_SET","","-2.0","09:42:00","NOT_SET"
"SCRT2 - EmbeddedMessaging","resolved","SKYWAVE_PHASE_4_5","2026-05-24T19:44:37.000Z","205161a7-21a1-4478-a3fd-3f3a4d816acb","NOT_SET","NOT_SET","","","NOT_SET","","-10.0","19:36:00","NOT_SET"
"SCRT2 - EmbeddedMessaging","resolved","SKYWAVE_PHASE_4_5","2026-05-24T18:22:20.000Z","131c541b-1a1a-4511-a81d-09595d73a747","NOT_SET","NOT_SET","","","NOT_SET","","-10.0","18:20:00","NOT_SET"
"SCRT2 - EmbeddedMessaging","resolved","SKYWAVE_PHASE_4_5","2026-05-21T08:55:42.000Z","77c2706f-2037-4f38-aaf4-98531717cd46","NOT_SET","NOT_SET","","","NOT_SET","","-13.0","08:55:00","NOT_SET"
"SCRT2 - EmbeddedMessaging","resolved","SKYWAVE_PHASE_4_5","2026-05-26T13:03:59.000Z","d4256d66-76ef-4adb-a872-1d141ec5691d","NOT_SET","NOT_SET","","","NOT_SET","","-8.0","13:03:00","NOT_SET"
"SCRT2 - EmbeddedMessaging","resolved","SKYWAVE_PHASE_4_5","2026-05-30T17:33:44.000Z","5a55a42f-1178-4611-a79a-cdd119ded4fa","NOT_SET","NOT_SET","","","NOT_SET","","-4.0","17:33:00","NOT_SET"
"SCRT2 - EmbeddedMessaging","resolved","SKYWAVE_PHASE_4_5","2026-05-25T11:59:50.000Z","7d4cbf05-b7e0-4754-a422-57dd945925c2","NOT_SET","NOT_SET","","","NOT_SET","","-9.0","11:59:00","NOT_SET"
"SCRT2 - EmbeddedMessaging","resolved","SKYWAVE_PHASE_4_5","2026-05-28T08:15:57.000Z","2c6c74d6-66ae-4949-afa9-bc07ffa40b0c","NOT_SET","NOT_SET","","","NOT_SET","","-6.0","08:14:00","NOT_SET"
"SCRT2 - EmbeddedMessaging","resolved","SKYWAVE_PHASE_4_5","2026-05-25T17:16:39.000Z","a003ec71-0bb2-4641-a0ea-80779452da0e","NOT_SET","NOT_SET","","","NOT_SET","","-9.0","17:16:00","NOT_SET"
"SCRT2 - EmbeddedMessaging","resolved","SKYWAVE_PHASE_4_5","2026-05-26T08:41:43.000Z","19c032a8-8b3c-40ab-ab25-dead61a508b0","NOT_SET","NOT_SET","","","NOT_SET","","-8.0","08:37:00","NOT_SET"
"SCRT2 - EmbeddedMessaging","resolved","SKYWAVE_PHASE_4_5","2026-06-02T08:52:59.000Z","8df6cd5e-9de2-4378-a36a-5ef0cb297446","NOT_SET","NOT_SET","","","NOT_SET","","-1.0","08:45:00","NOT_SET"
"SCRT2 - EmbeddedMessaging","resolved","SKYWAVE_PHASE_4_5","2026-05-26T19:13:27.000Z","3b3498f3-a17f-4b9b-a41c-e7f6b08ee50e","NOT_SET","NOT_SET","","","NOT_SET","","-8.0","19:11:00","NOT_SET"
"SCRT2 - EmbeddedMessaging","resolved","SKYWAVE_PHASE_4_5","2026-05-23T14:44:35.000Z","4999e94d-e3f1-40b5-a61a-17003a3f0174","NOT_SET","NOT_SET","","","NOT_SET","","-11.0","14:38:00","NOT_SET"
"SCRT2 - EmbeddedMessaging","resolved","SKYWAVE_PHASE_4_5","2026-05-22T13:30:29.000Z","ab4a289d-9184-4dde-a79f-7e3f493fbc34","NOT_SET","NOT_SET","","","NOT_SET","","-12.0","13:30:00","NOT_SET"
"SCRT2 - EmbeddedMessaging","resolved","SKYWAVE_PHASE_4_5","2026-05-22T15:19:11.000Z","1ec0bea2-49a7-4b25-ae63-30961afe41b1","NOT_SET","NOT_SET","","","NOT_SET","","-12.0","15:16:00","NOT_SET"
"SCRT2 - EmbeddedMessaging","resolved","SKYWAVE_PHASE_4_5","2026-05-31T19:04:19.000Z","39845648-158a-40ab-a212-f3eafb3da5e3","NOT_SET","NOT_SET","","","NOT_SET","","-3.0","19:03:00","NOT_SET"
"SCRT2 - EmbeddedMessaging","resolved","SKYWAVE_PHASE_4_5","2026-05-26T09:40:25.000Z","035852a9-7d5c-401c-a6f6-07b183b3f0b0","NOT_SET","NOT_SET","","","NOT_SET","","-8.0","09:40:00","NOT_SET"
"SCRT2 - EmbeddedMessaging","resolved","SKYWAVE_PHASE_4_5","2026-05-23T09:08:33.000Z","8b2809df-05d3-4224-a333-523d82d24287","NOT_SET","NOT_SET","","","NOT_SET","","-11.0","08:57:00","NOT_SET"
"SCRT2 - EmbeddedMessaging","resolved","SKYWAVE_PHASE_4_5","2026-05-27T18:44:46.000Z","b661de27-9b1a-43a8-ad15-bd945b9d0e91","NOT_SET","NOT_SET","","","NOT_SET","","-7.0","18:44:00","NOT_SET"
"SCRT2 - EmbeddedMessaging","resolved","SKYWAVE_PHASE_4_5","2026-05-28T19:13:53.000Z","4d48dd62-9d01-4868-aaab-9bcaabb68cd6","NOT_SET","NOT_SET","","","NOT_SET","","-6.0","19:10:00","NOT_SET"
"SCRT2 - EmbeddedMessaging","resolved","SKYWAVE_PHASE_4_5","2026-05-31T12:07:37.000Z","29f9fc7c-2b3b-414b-ab1d-ad34dfb3897f","NOT_SET","NOT_SET","","","NOT_SET","","-3.0","12:07:00","NOT_SET"
"SCRT2 - EmbeddedMessaging","resolved","SKYWAVE_PHASE_4_5","2026-05-24T09:18:01.000Z","aca4d61b-2e93-4dc7-af35-0ef024f9af5e","NOT_SET","NOT_SET","","","NOT_SET","","-10.0","09:17:00","NOT_SET"
"SCRT2 - EmbeddedMessaging","resolved","SKYWAVE_PHASE_4_5","2026-05-24T15:12:40.000Z","139f934a-144b-48d7-a7ad-160a06547e24","NOT_SET","NOT_SET","","","NOT_SET","","-10.0","15:07:00","NOT_SET"
"SCRT2 - EmbeddedMessaging","resolved","SKYWAVE_PHASE_4_5","2026-05-27T19:16:28.000Z","6e3e1249-ade6-4346-a873-0011d348e98f","NOT_SET","NOT_SET","","","NOT_SET","","-7.0","19:07:00","NOT_SET"
"SCRT2 - EmbeddedMessaging","resolved","SKYWAVE_PHASE_4_5","2026-05-23T17:31:55.000Z","8b3a92cf-10f8-459b-a5ad-40f5dd8bfa47","NOT_SET","NOT_SET","","","NOT_SET","","-11.0","17:31:00","NOT_SET"
"SCRT2 - EmbeddedMessaging","resolved","SKYWAVE_PHASE_4_5","2026-05-27T18:18:43.000Z","736654f6-6af9-480d-a017-736a697332dc","NOT_SET","NOT_SET","","","NOT_SET","","-7.0","18:18:00","NOT_SET"
"SCRT2 - EmbeddedMessaging","resolved","SKYWAVE_PHASE_4_5","2026-05-26T11:58:13.000Z","752c34b2-df40-4027-aef4-8a0b9013ea4d","NOT_SET","NOT_SET","","","NOT_SET","","-8.0","11:48:00","NOT_SET"
"SCRT2 - EmbeddedMessaging","resolved","SKYWAVE_PHASE_4_5","2026-05-21T08:28:51.000Z","7d70bbac-c9f9-4a3a-a36b-5f12f2cab33e","NOT_SET","NOT_SET","","","NOT_SET","","-13.0","08:28:00","NOT_SET"
"SCRT2 - EmbeddedMessaging","resolved","SKYWAVE_PHASE_4_5","2026-05-23T16:41:46.000Z","3c4e836a-1f12-48e8-a0a7-354059f6d31a","NOT_SET","NOT_SET","","","NOT_SET","","-11.0","16:41:00","NOT_SET"
"SCRT2 - EmbeddedMessaging","resolved","SKYWAVE_PHASE_4_5","2026-05-22T14:30:35.000Z","46a80598-a7da-46dd-ac8c-87fe5b910d51","NOT_SET","NOT_SET","","","NOT_SET","","-12.0","14:26:00","NOT_SET"
"SCRT2 - EmbeddedMessaging","resolved","SKYWAVE_PHASE_4_5","2026-06-01T13:29:55.000Z","7896aff9-6e3f-47e5-aa62-254a49a02a30","NOT_SET","NOT_SET","","","NOT_SET","","-2.0","13:26:00","NOT_SET"
"SCRT2 - EmbeddedMessaging","resolved","SKYWAVE_PHASE_4_5","2026-05-28T15:25:08.000Z","bd2bf299-355e-48ec-a68e-60e40e68bd86","NOT_SET","NOT_SET","","","NOT_SET","","-6.0","15:24:00","NOT_SET"
"SCRT2 - EmbeddedMessaging","resolved","SKYWAVE_PHASE_4_5","2026-05-24T12:42:58.000Z","480e9180-c191-4442-a167-154e5071518f","NOT_SET","NOT_SET","","","NOT_SET","","-10.0","12:42:00","NOT_SET"
"SCRT2 - EmbeddedMessaging","resolved","SKYWAVE_PHASE_4_5","2026-05-30T18:24:05.000Z","c043ae46-0689-42ce-a21f-8a31e2fbd980","NOT_SET","NOT_SET","","","NOT_SET","","-4.0","18:22:00","NOT_SET"
"SCRT2 - EmbeddedMessaging","resolved","SKYWAVE_PHASE_4_5","2026-05-20T08:27:28.000Z","a24f525b-d0f0-4d78-a695-56d09f356a84","NOT_SET","NOT_SET","","","NOT_SET","","-14.0","08:27:00","NOT_SET"
"SCRT2 - EmbeddedMessaging","resolved","SKYWAVE_PHASE_4_5","2026-05-31T14:35:08.000Z","7697d7cf-8bde-4810-aee5-3b07dc88636b","NOT_SET","NOT_SET","","","NOT_SET","","-3.0","14:29:00","NOT_SET"
"SCRT2 - EmbeddedMessaging","resolved","SKYWAVE_PHASE_4_5","2026-06-01T15:10:39.000Z","cb2a38e1-500c-457d-a088-520f6ac0b6a6","NOT_SET","NOT_SET","","","NOT_SET","","-2.0","15:10:00","NOT_SET"
"SCRT2 - EmbeddedMessaging","resolved","SKYWAVE_PHASE_4_5","2026-05-26T17:18:14.000Z","9c687b10-1990-4ddd-a8d1-80dd5b759693","NOT_SET","NOT_SET","","","NOT_SET","","-8.0","17:14:00","NOT_SET"
"SCRT2 - EmbeddedMessaging","resolved","SKYWAVE_PHASE_4_5","2026-06-02T09:58:14.000Z","2a7dd6fd-df5b-4202-a34b-3b437c23dd41","NOT_SET","NOT_SET","","","NOT_SET","","-1.0","09:56:00","NOT_SET"
"SCRT2 - EmbeddedMessaging","resolved","SKYWAVE_PHASE_4_5","2026-05-20T09:55:07.000Z","c55eee1d-a6e1-4ab2-ab49-5a29adda8d38","NOT_SET","NOT_SET","","","NOT_SET","","-14.0","09:54:00","NOT_SET"
"SCRT2 - EmbeddedMessaging","resolved","SKYWAVE_PHASE_4_5","2026-05-28T15:36:20.000Z","a3a231b5-472e-439d-a567-e37d68fe5204","NOT_SET","NOT_SET","","","NOT_SET","","-6.0","15:34:00","NOT_SET"
"SCRT2 - EmbeddedMessaging","resolved","SKYWAVE_PHASE_4_5","2026-05-22T15:45:18.000Z","26c4d933-dfa3-475d-a904-70b6e882f394","NOT_SET","NOT_SET","","","NOT_SET","","-12.0","15:43:00","NOT_SET"
"SCRT2 - EmbeddedMessaging","resolved","SKYWAVE_PHASE_4_5","2026-05-26T19:10:53.000Z","5c1db1c6-ab06-4b4d-a937-96244a41fb01","NOT_SET","NOT_SET","","","NOT_SET","","-8.0","19:05:00","NOT_SET"
"SCRT2 - EmbeddedMessaging","resolved","SKYWAVE_PHASE_4_5","2026-05-28T16:59:10.000Z","3b184498-3c60-4c3e-a3f2-70b4a42ac055","NOT_SET","NOT_SET","","","NOT_SET","","-6.0","16:57:00","NOT_SET"
"SCRT2 - EmbeddedMessaging","resolved","SKYWAVE_PHASE_4_5","2026-05-28T12:22:28.000Z","74e4ce99-5cc8-4a8c-acd6-182f101fb36b","NOT_SET","NOT_SET","","","NOT_SET","","-6.0","12:18:00","NOT_SET"
"SCRT2 - EmbeddedMessaging","resolved","SKYWAVE_PHASE_4_5","2026-05-29T11:38:14.000Z","8fc1fdc0-ced9-44eb-a2db-86314a8c4a25","NOT_SET","NOT_SET","","","NOT_SET","","-5.0","11:36:00","NOT_SET"
"SCRT2 - EmbeddedMessaging","resolved","SKYWAVE_PHASE_4_5","2026-05-25T18:09:54.000Z","f3952e15-3aeb-4de5-ac86-ae87595144be","NOT_SET","NOT_SET","","","NOT_SET","","-9.0","18:09:00","NOT_SET"
"SCRT2 - EmbeddedMessaging","resolved","SKYWAVE_PHASE_4_5","2026-05-28T12:17:11.000Z","1633a96e-c3cd-4625-a719-fdf2c0efdad6","NOT_SET","NOT_SET","","","NOT_SET","","-6.0","12:13:00","NOT_SET"
"SCRT2 - EmbeddedMessaging","resolved","SKYWAVE_PHASE_4_5","2026-05-22T18:37:20.000Z","07de51a2-1b06-4114-a251-c83d539d3a5c","NOT_SET","NOT_SET","","","NOT_SET","","-12.0","18:34:00","NOT_SET"
"SCRT2 - EmbeddedMessaging","resolved","SKYWAVE_PHASE_4_5","2026-05-21T14:23:04.000Z","2ebfc0fa-a53c-4b83-a311-35ff708f7f2f","NOT_SET","NOT_SET","","","NOT_SET","","-13.0","14:22:00","NOT_SET"
"SCRT2 - EmbeddedMessaging","resolved","SKYWAVE_PHASE_4_5","2026-05-27T08:09:57.000Z","e2608da8-4441-4b45-ad04-63928f2bedd4","NOT_SET","NOT_SET","","","NOT_SET","","-7.0","08:09:00","NOT_SET"
"SCRT2 - EmbeddedMessaging","resolved","SKYWAVE_PHASE_4_5","2026-05-25T18:30:40.000Z","b95c8774-8883-4c85-a8c1-914265d738de","NOT_SET","NOT_SET","","","NOT_SET","","-9.0","18:22:00","NOT_SET"
"SCRT2 - EmbeddedMessaging","resolved","SKYWAVE_PHASE_4_5","2026-05-30T16:37:42.000Z","5c9d42ab-f6e7-48ab-a410-6e362de6b062","NOT_SET","NOT_SET","","","NOT_SET","","-4.0","16:33:00","NOT_SET"
"SCRT2 - EmbeddedMessaging","resolved","SKYWAVE_PHASE_4_5","2026-05-20T16:09:16.000Z","95b08dd8-815b-41a9-aba7-d407161bc273","NOT_SET","NOT_SET","","","NOT_SET","","-14.0","16:05:00","NOT_SET"
"SCRT2 - EmbeddedMessaging","resolved","SKYWAVE_PHASE_4_5","2026-05-28T12:49:04.000Z","1cb9fb7e-4887-46cf-a3e3-22bcc9297266","NOT_SET","NOT_SET","","","NOT_SET","","-6.0","12:43:00","NOT_SET"
"SCRT2 - EmbeddedMessaging","resolved","SKYWAVE_PHASE_4_5","2026-05-22T11:44:25.000Z","5b07a274-3196-4bab-a1f3-297c4cbb8d0c","NOT_SET","NOT_SET","","","NOT_SET","","-12.0","11:44:00","NOT_SET"
"SCRT2 - EmbeddedMessaging","resolved","SKYWAVE_PHASE_4_5","2026-05-24T17:38:08.000Z","38cf3555-c286-4953-a77c-9783da42f349","NOT_SET","NOT_SET","","","NOT_SET","","-10.0","17:37:00","NOT_SET"
"SCRT2 - EmbeddedMessaging","resolved","SKYWAVE_PHASE_4_5","2026-05-26T11:48:05.000Z","8970948f-d915-47c8-a1c8-cabb1a6c0301","NOT_SET","NOT_SET","","","NOT_SET","","-8.0","11:47:00","NOT_SET"
"SCRT2 - EmbeddedMessaging","resolved","SKYWAVE_PHASE_4_5","2026-06-01T16:09:51.000Z","b44bf475-0a54-426f-ac45-316a0fe6aaba","NOT_SET","NOT_SET","","","NOT_SET","","-2.0","16:09:00","NOT_SET"
"SCRT2 - EmbeddedMessaging","resolved","SKYWAVE_PHASE_4_5","2026-05-30T13:27:07.000Z","bf94994b-253c-4be2-a213-aeb15cc2b39d","NOT_SET","NOT_SET","","","NOT_SET","","-4.0","13:26:00","NOT_SET"
"SCRT2 - EmbeddedMessaging","resolved","SKYWAVE_PHASE_4_5","2026-05-25T12:00:04.000Z","71449a30-ca9c-4d5c-a845-37062c6c8f43","NOT_SET","NOT_SET","","","NOT_SET","","-9.0","11:56:00","NOT_SET"
"SCRT2 - EmbeddedMessaging","resolved","SKYWAVE_PHASE_4_5","2026-05-24T16:11:17.000Z","6cc73e8d-dd8d-4db8-aa9b-4d0a2158f640","NOT_SET","NOT_SET","","","NOT_SET","","-10.0","16:10:00","NOT_SET"
"SCRT2 - EmbeddedMessaging","resolved","SKYWAVE_PHASE_4_5","2026-05-28T09:17:30.000Z","a9e81d55-850c-410c-a42b-b9ed6833edf5","NOT_SET","NOT_SET","","","NOT_SET","","-6.0","09:17:00","NOT_SET"
"SCRT2 - EmbeddedMessaging","resolved","SKYWAVE_PHASE_4_5","2026-05-29T09:11:21.000Z","28bc583b-4ae6-404e-ada7-5b064ae900ea","NOT_SET","NOT_SET","","","NOT_SET","","-5.0","09:07:00","NOT_SET"
"SCRT2 - EmbeddedMessaging","resolved","SKYWAVE_PHASE_4_5","2026-05-25T14:26:42.000Z","c2489a7a-d5fd-4061-a433-0ddef5d41cfc","NOT_SET","NOT_SET","","","NOT_SET","","-9.0","14:15:00","NOT_SET"
"SCRT2 - EmbeddedMessaging","resolved","SKYWAVE_PHASE_4_5","2026-06-02T11:26:32.000Z","c8d71c86-221f-4da5-ae06-222cf67c5014","NOT_SET","NOT_SET","","","NOT_SET","","-1.0","11:26:00","NOT_SET"
"SCRT2 - EmbeddedMessaging","resolved","SKYWAVE_PHASE_4_5","2026-05-25T09:01:04.000Z","2ee5e9d9-3dfb-4007-a02a-cf9262157223","NOT_SET","NOT_SET","","","NOT_SET","","-9.0","09:00:00","NOT_SET"
"SCRT2 - EmbeddedMessaging","resolved","SKYWAVE_PHASE_4_5","2026-05-21T17:37:37.000Z","59c48ab6-4711-420a-a5c3-4d205cea2e52","NOT_SET","NOT_SET","","","NOT_SET","","-13.0","17:30:00","NOT_SET"
"SCRT2 - EmbeddedMessaging","resolved","SKYWAVE_PHASE_4_5","2026-05-24T08:40:26.000Z","4f765e31-d7fd-47c6-aedd-5fc36a35e61e","NOT_SET","NOT_SET","","","NOT_SET","","-10.0","08:38:00","NOT_SET"
"SCRT2 - EmbeddedMessaging","resolved","SKYWAVE_PHASE_4_5","2026-06-02T18:30:13.000Z","7df4a9c6-e973-4dcc-a4bd-a4a083f29b94","NOT_SET","NOT_SET","","","NOT_SET","","-1.0","18:28:00","NOT_SET"
"SCRT2 - EmbeddedMessaging","resolved","SKYWAVE_PHASE_4_5","2026-05-23T13:55:33.000Z","9dbddd8b-753e-4324-add9-6b289357b69d","NOT_SET","NOT_SET","","","NOT_SET","","-11.0","13:48:00","NOT_SET"
"SCRT2 - EmbeddedMessaging","resolved","SKYWAVE_PHASE_4_5","2026-05-27T13:04:22.000Z","2166c201-af1d-49ee-aec3-679a308b0957","NOT_SET","NOT_SET","","","NOT_SET","","-7.0","13:04:00","NOT_SET"
"SCRT2 - EmbeddedMessaging","resolved","SKYWAVE_PHASE_4_5","2026-05-20T12:08:18.000Z","d1885aa7-ade7-4e9b-a7c9-8d0498dfb8b9","NOT_SET","NOT_SET","","","NOT_SET","","-14.0","11:59:00","NOT_SET"
"SCRT2 - EmbeddedMessaging","resolved","SKYWAVE_PHASE_4_5","2026-05-23T08:52:13.000Z","236d8be4-4a32-40e9-a63c-32872f7c039d","NOT_SET","NOT_SET","","","NOT_SET","","-11.0","08:48:00","NOT_SET"
"SCRT2 - EmbeddedMessaging","resolved","SKYWAVE_PHASE_4_5","2026-05-20T13:10:03.000Z","4735a937-8a14-4ac2-ac10-023a1661bfcd","NOT_SET","NOT_SET","","","NOT_SET","","-14.0","13:09:00","NOT_SET"
"SCRT2 - EmbeddedMessaging","resolved","SKYWAVE_PHASE_4_5","2026-06-01T13:13:11.000Z","b2ebe055-4bfd-49bd-ae95-1b035c60b704","NOT_SET","NOT_SET","","","NOT_SET","","-2.0","13:11:00","NOT_SET"
"SCRT2 - EmbeddedMessaging","resolved","SKYWAVE_PHASE_4_5","2026-05-30T09:00:10.000Z","33124c95-93d5-4d74-a21c-14a341b07feb","NOT_SET","NOT_SET","","","NOT_SET","","-4.0","08:58:00","NOT_SET"
"SCRT2 - EmbeddedMessaging","resolved","SKYWAVE_PHASE_4_5","2026-05-20T15:32:20.000Z","c083c4ec-50a4-444d-aed0-ab375cb8739d","NOT_SET","NOT_SET","","","NOT_SET","","-14.0","15:31:00","NOT_SET"
"SCRT2 - EmbeddedMessaging","resolved","SKYWAVE_PHASE_4_5","2026-05-20T16:28:43.000Z","68600216-0e91-4aa4-ae01-4250e6e4d281","NOT_SET","NOT_SET","","","NOT_SET","","-14.0","16:25:00","NOT_SET"
"SCRT2 - EmbeddedMessaging","resolved","SKYWAVE_PHASE_4_5","2026-05-21T15:46:28.000Z","1f227407-1c41-46e6-afb0-cfdf79b4b263","NOT_SET","NOT_SET","","","NOT_SET","","-13.0","15:43:00","NOT_SET"
"SCRT2 - EmbeddedMessaging","resolved","SKYWAVE_PHASE_4_5","2026-05-24T17:50:50.000Z","baff2bb4-ea2a-4edc-a1a7-871bdfd826f1","NOT_SET","NOT_SET","","","NOT_SET","","-10.0","17:48:00","NOT_SET"
"SCRT2 - EmbeddedMessaging","resolved","SKYWAVE_PHASE_4_5","2026-05-25T13:08:46.000Z","826fb0a7-7fb9-433e-a7c4-4d6366f3fca2","NOT_SET","NOT_SET","","","NOT_SET","","-9.0","13:07:00","NOT_SET"
"SCRT2 - EmbeddedMessaging","resolved","SKYWAVE_PHASE_4_5","2026-05-21T16:01:53.000Z","04ef7554-3beb-465a-a3d1-54c03e52b276","NOT_SET","NOT_SET","","","NOT_SET","","-13.0","15:58:00","NOT_SET"
"SCRT2 - EmbeddedMessaging","resolved","SKYWAVE_PHASE_4_5","2026-05-22T19:44:51.000Z","04e75a37-35b9-4b41-a488-4222d9e90532","NOT_SET","NOT_SET","","","NOT_SET","","-12.0","19:36:00","NOT_SET"
"SCRT2 - EmbeddedMessaging","resolved","SKYWAVE_PHASE_4_5","2026-05-20T10:00:39.000Z","5f6b6a09-74bb-4dba-ac11-50d87eb337ff","NOT_SET","NOT_SET","","","NOT_SET","","-14.0","10:00:00","NOT_SET"
"SCRT2 - EmbeddedMessaging","resolved","SKYWAVE_PHASE_4_5","2026-05-27T12:49:41.000Z","36de854e-f289-4626-a93c-dd9680a90a27","NOT_SET","NOT_SET","","","NOT_SET","","-7.0","12:42:00","NOT_SET"
"SCRT2 - EmbeddedMessaging","resolved","SKYWAVE_PHASE_4_5","2026-05-25T11:18:13.000Z","3180d961-580a-437e-a23e-fe0ce6d8273e","NOT_SET","NOT_SET","","","NOT_SET","","-9.0","11:17:00","NOT_SET"
"SCRT2 - EmbeddedMessaging","resolved","SKYWAVE_PHASE_4_5","2026-05-23T11:07:40.000Z","d51d09b4-674e-412a-ac8a-3bde65e5d8c6","NOT_SET","NOT_SET","","","NOT_SET","","-11.0","11:07:00","NOT_SET"
"SCRT2 - EmbeddedMessaging","resolved","SKYWAVE_PHASE_4_5","2026-05-27T09:02:09.000Z","e06e17d1-8b09-4bf0-a00f-f7bb594ee616","NOT_SET","NOT_SET","","","NOT_SET","","-7.0","08:59:00","NOT_SET"
"SCRT2 - EmbeddedMessaging","resolved","SKYWAVE_PHASE_4_5","2026-05-21T13:28:06.000Z","25253a0d-5811-4dc4-ad87-1d0c5c182273","NOT_SET","NOT_SET","","","NOT_SET","","-13.0","13:25:00","NOT_SET"
"SCRT2 - EmbeddedMessaging","resolved","SKYWAVE_PHASE_4_5","2026-06-01T11:55:49.000Z","940cd7f6-aca9-4c2d-a602-34adb4bda2dd","NOT_SET","NOT_SET","","","NOT_SET","","-2.0","11:55:00","NOT_SET"
"SCRT2 - EmbeddedMessaging","resolved","SKYWAVE_PHASE_4_5","2026-05-20T18:29:34.000Z","1e1110ef-e0bc-409e-aed8-44bfdb77d1b4","NOT_SET","NOT_SET","","","NOT_SET","","-14.0","18:23:00","NOT_SET"
"SCRT2 - EmbeddedMessaging","resolved","SKYWAVE_PHASE_4_5","2026-05-23T19:31:41.000Z","0668243e-1720-4f0a-af2d-8dd435e67119","NOT_SET","NOT_SET","","","NOT_SET","","-11.0","19:28:00","NOT_SET"
"SCRT2 - EmbeddedMessaging","resolved","SKYWAVE_PHASE_4_5","2026-05-21T17:54:38.000Z","205356e8-9bb1-4e43-aa17-36b12613b6e7","NOT_SET","NOT_SET","","","NOT_SET","","-13.0","17:54:00","NOT_SET"
"SCRT2 - EmbeddedMessaging","resolved","SKYWAVE_PHASE_4_5","2026-05-28T08:25:19.000Z","2f4e8a78-19e3-4166-a275-ef5151735d99","NOT_SET","NOT_SET","","","NOT_SET","","-6.0","08:17:00","NOT_SET"
"SCRT2 - EmbeddedMessaging","resolved","SKYWAVE_PHASE_4_5","2026-06-02T14:28:12.000Z","7ba42436-6c5b-4337-ac3b-08f6b8545eb8","NOT_SET","NOT_SET","","","NOT_SET","","-1.0","14:24:00","NOT_SET"
"SCRT2 - EmbeddedMessaging","resolved","SKYWAVE_PHASE_4_5","2026-05-30T13:33:46.000Z","8d9bf8e3-ec8f-4869-a477-ef2bf3c98344","NOT_SET","NOT_SET","","","NOT_SET","","-4.0","13:33:00","NOT_SET"
"SCRT2 - EmbeddedMessaging","resolved","SKYWAVE_PHASE_4_5","2026-05-27T14:49:13.000Z","5eca7121-c765-4ce7-ae72-8258d2b126ae","NOT_SET","NOT_SET","","","NOT_SET","","-7.0","14:47:00","NOT_SET"
"SCRT2 - EmbeddedMessaging","resolved","SKYWAVE_PHASE_4_5","2026-05-28T14:30:12.000Z","86610453-cdbb-4e9b-a7e6-4632419890ba","NOT_SET","NOT_SET","","","NOT_SET","","-6.0","14:29:00","NOT_SET"
"SCRT2 - EmbeddedMessaging","resolved","SKYWAVE_PHASE_4_5","2026-06-02T09:40:19.000Z","0c5938a2-b91b-4fa6-a135-26a3780d53fd","NOT_SET","NOT_SET","","","NOT_SET","","-1.0","09:40:00","NOT_SET"
"SCRT2 - EmbeddedMessaging","resolved","SKYWAVE_PHASE_4_5","2026-05-26T10:10:26.000Z","c07d5c82-4c2e-4ae2-a9c9-f055506a7bd4","NOT_SET","NOT_SET","","","NOT_SET","","-8.0","10:08:00","NOT_SET"
"SCRT2 - EmbeddedMessaging","resolved","SKYWAVE_PHASE_4_5","2026-05-25T19:42:57.000Z","2bb451e3-4e2e-4bf3-a943-b645a8edaa7a","NOT_SET","NOT_SET","","","NOT_SET","","-9.0","19:41:00","NOT_SET"
"SCRT2 - EmbeddedMessaging","resolved","SKYWAVE_PHASE_4_5","2026-05-30T10:20:54.000Z","2bdb0338-2a64-4ff4-ac89-012fc6b2d179","NOT_SET","NOT_SET","","","NOT_SET","","-4.0","10:19:00","NOT_SET"
"SCRT2 - EmbeddedMessaging","resolved","SKYWAVE_PHASE_4_5","2026-05-21T15:09:37.000Z","b59ae471-4a83-4818-ad18-6f8bf14d0f9e","NOT_SET","NOT_SET","","","NOT_SET","","-13.0","15:09:00","NOT_SET"
"SCRT2 - EmbeddedMessaging","resolved","SKYWAVE_PHASE_4_5","2026-05-20T19:26:48.000Z","06b5e753-e315-455f-a9ba-5cb2fb99f4ac","NOT_SET","NOT_SET","","","NOT_SET","","-14.0","19:26:00","NOT_SET"
"SCRT2 - EmbeddedMessaging","resolved","SKYWAVE_PHASE_4_5","2026-05-24T13:30:28.000Z","c811202a-d535-4056-a437-b5f47dca624b","NOT_SET","NOT_SET","","","NOT_SET","","-10.0","13:24:00","NOT_SET"
"SCRT2 - EmbeddedMessaging","resolved","SKYWAVE_PHASE_4_5","2026-05-27T08:24:44.000Z","6f554432-4d35-4eaa-a1b7-67242a484107","NOT_SET","NOT_SET","","","NOT_SET","","-7.0","08:21:00","NOT_SET"
"SCRT2 - EmbeddedMessaging","resolved","SKYWAVE_PHASE_4_5","2026-05-31T10:08:29.000Z","702b09d3-b603-47af-ab5d-b6de7804045e","NOT_SET","NOT_SET","","","NOT_SET","","-3.0","10:08:00","NOT_SET"
"SCRT2 - EmbeddedMessaging","resolved","SKYWAVE_PHASE_4_5","2026-05-27T10:46:10.000Z","8bd72a84-87ce-4c85-a25d-16be5dad0d9a","NOT_SET","NOT_SET","","","NOT_SET","","-7.0","10:45:00","NOT_SET"
"SCRT2 - EmbeddedMessaging","resolved","SKYWAVE_PHASE_4_5","2026-06-02T18:47:57.000Z","dc0551c7-cdf6-4366-a366-3f7257f45e15","NOT_SET","NOT_SET","","","NOT_SET","","-1.0","18:47:00","NOT_SET"
"SCRT2 - EmbeddedMessaging","resolved","SKYWAVE_PHASE_4_5","2026-05-28T11:45:37.000Z","318c727f-7115-47a4-a73b-b67237c3a650","NOT_SET","NOT_SET","","","NOT_SET","","-6.0","11:43:00","NOT_SET"
"SCRT2 - EmbeddedMessaging","resolved","SKYWAVE_PHASE_4_5","2026-05-31T14:55:48.000Z","4ba37bdc-d1c3-47e4-ae6d-47c257170ed3","NOT_SET","NOT_SET","","","NOT_SET","","-3.0","14:55:00","NOT_SET"
"SCRT2 - EmbeddedMessaging","resolved","SKYWAVE_PHASE_4_5","2026-05-31T13:05:12.000Z","5d620081-8710-40e8-ae28-1e40c1e12368","NOT_SET","NOT_SET","","","NOT_SET","","-3.0","13:02:00","NOT_SET"
"SCRT2 - EmbeddedMessaging","resolved","SKYWAVE_PHASE_4_5","2026-05-20T12:06:28.000Z","667a0b26-cbeb-4ac0-ab15-1de9174b7326","NOT_SET","NOT_SET","","","NOT_SET","","-14.0","12:06:00","NOT_SET"
"SCRT2 - EmbeddedMessaging","resolved","SKYWAVE_PHASE_4_5","2026-06-01T12:41:16.000Z","3085502b-a2f9-40cb-a75e-e559481ea150","NOT_SET","NOT_SET","","","NOT_SET","","-2.0","12:36:00","NOT_SET"
"SCRT2 - EmbeddedMessaging","resolved","SKYWAVE_PHASE_4_5","2026-05-23T16:54:11.000Z","bb3f99b4-5c9d-4d64-ad24-4875d6daf10f","NOT_SET","NOT_SET","","","NOT_SET","","-11.0","16:49:00","NOT_SET"
"SCRT2 - EmbeddedMessaging","resolved","SKYWAVE_PHASE_4_5","2026-05-20T17:34:52.000Z","7dd62e91-ef0f-47cd-a1b0-faca8bf64b40","NOT_SET","NOT_SET","","","NOT_SET","","-14.0","17:34:00","NOT_SET"
"SCRT2 - EmbeddedMessaging","resolved","SKYWAVE_PHASE_4_5","2026-05-23T08:20:15.000Z","ef14238a-6538-4916-a813-1e4bdb8faade","NOT_SET","NOT_SET","","","NOT_SET","","-11.0","08:19:00","NOT_SET"
"SCRT2 - EmbeddedMessaging","resolved","SKYWAVE_PHASE_4_5","2026-05-24T17:11:25.000Z","4b4f1d2a-39d0-4b6c-ae55-d3cdbfc938fb","NOT_SET","NOT_SET","","","NOT_SET","","-10.0","17:05:00","NOT_SET"
"SCRT2 - EmbeddedMessaging","resolved","SKYWAVE_PHASE_4_5","2026-05-20T11:15:27.000Z","1fe04cb8-da8f-4f4a-a5cf-8480edb95043","NOT_SET","NOT_SET","","","NOT_SET","","-14.0","11:06:00","NOT_SET"
"SCRT2 - EmbeddedMessaging","resolved","SKYWAVE_PHASE_4_5","2026-05-24T17:36:59.000Z","cd514d5c-d8e5-4ec5-a118-7dc2447c5ee8","NOT_SET","NOT_SET","","","NOT_SET","","-10.0","17:34:00","NOT_SET"
"SCRT2 - EmbeddedMessaging","resolved","SKYWAVE_PHASE_4_5","2026-05-31T13:19:21.000Z","f345e83a-048a-4411-a007-77356ba72236","NOT_SET","NOT_SET","","","NOT_SET","","-3.0","13:19:00","NOT_SET"
"SCRT2 - EmbeddedMessaging","resolved","SKYWAVE_PHASE_4_5","2026-05-25T17:12:35.000Z","559897fd-01b6-441d-a705-16a7c560b39a","NOT_SET","NOT_SET","","","NOT_SET","","-9.0","17:12:00","NOT_SET"
"SCRT2 - EmbeddedMessaging","resolved","SKYWAVE_PHASE_4_5","2026-06-01T17:44:49.000Z","7db9fa46-b920-4ab2-a920-bf518dc784e1","NOT_SET","NOT_SET","","","NOT_SET","","-2.0","17:39:00","NOT_SET"
"SCRT2 - EmbeddedMessaging","resolved","SKYWAVE_PHASE_4_5","2026-05-21T17:22:53.000Z","a708ae64-57d0-4f12-a47f-d49502d1bad9","NOT_SET","NOT_SET","","","NOT_SET","","-13.0","17:16:00","NOT_SET"
"SCRT2 - EmbeddedMessaging","resolved","SKYWAVE_PHASE_4_5","2026-06-01T08:53:08.000Z","be83fe76-bb53-4b29-acf9-358c75aecf3d","NOT_SET","NOT_SET","","","NOT_SET","","-2.0","08:50:00","NOT_SET"
"SCRT2 - EmbeddedMessaging","resolved","SKYWAVE_PHASE_4_5","2026-05-31T13:20:08.000Z","4cb64231-83f0-4c9d-a558-df043f70845f","NOT_SET","NOT_SET","","","NOT_SET","","-3.0","13:10:00","NOT_SET"
"SCRT2 - EmbeddedMessaging","resolved","SKYWAVE_PHASE_4_5","2026-05-27T15:40:26.000Z","a441d0c5-8529-4582-ac42-e055f32a4c9e","NOT_SET","NOT_SET","","","NOT_SET","","-7.0","15:38:00","NOT_SET"
"SCRT2 - EmbeddedMessaging","resolved","SKYWAVE_PHASE_4_5","2026-05-25T19:32:30.000Z","505a5c30-650b-4574-aa8e-a525b858ac20","NOT_SET","NOT_SET","","","NOT_SET","","-9.0","19:32:00","NOT_SET"
"SCRT2 - EmbeddedMessaging","resolved","SKYWAVE_PHASE_4_5","2026-05-22T08:45:26.000Z","fc862e68-e5e6-46ac-a242-e0cc7cd519d0","NOT_SET","NOT_SET","","","NOT_SET","","-12.0","08:41:00","NOT_SET"
"SCRT2 - EmbeddedMessaging","resolved","SKYWAVE_PHASE_4_5","2026-05-22T13:30:52.000Z","37f82e71-1e9d-4f52-ae60-ca323c492a11","NOT_SET","NOT_SET","","","NOT_SET","","-12.0","13:30:00","NOT_SET"
"SCRT2 - EmbeddedMessaging","resolved","SKYWAVE_PHASE_4_5","2026-05-25T11:56:46.000Z","1ba91e36-b6e0-4b8e-a148-8cbc3caf3cb6","NOT_SET","NOT_SET","","","NOT_SET","","-9.0","11:56:00","NOT_SET"
"SCRT2 - EmbeddedMessaging","resolved","SKYWAVE_PHASE_4_5","2026-05-26T14:05:14.000Z","0ad3ab4d-6a9c-443c-a911-4a564155e427","NOT_SET","NOT_SET","","","NOT_SET","","-8.0","14:04:00","NOT_SET"
"SCRT2 - EmbeddedMessaging","resolved","SKYWAVE_PHASE_4_5","2026-05-25T08:37:28.000Z","2ee8d6f8-e697-4ba4-a9eb-6867b7aca355","NOT_SET","NOT_SET","","","NOT_SET","","-9.0","08:37:00","NOT_SET"
"SCRT2 - EmbeddedMessaging","resolved","SKYWAVE_PHASE_4_5","2026-05-27T11:58:32.000Z","52ef76cf-9b64-4e83-ac3c-34973609e041","NOT_SET","NOT_SET","","","NOT_SET","","-7.0","11:52:00","NOT_SET"
"SCRT2 - EmbeddedMessaging","resolved","SKYWAVE_PHASE_4_5","2026-05-23T18:14:15.000Z","80d46ac0-aaa6-48eb-aec6-6c387069ea41","NOT_SET","NOT_SET","","","NOT_SET","","-11.0","18:11:00","NOT_SET"
"SCRT2 - EmbeddedMessaging","resolved","SKYWAVE_PHASE_4_5","2026-05-25T18:05:19.000Z","5c0c02d3-d69a-419b-affe-d36f75d70d66","NOT_SET","NOT_SET","","","NOT_SET","","-9.0","18:04:00","NOT_SET"
"SCRT2 - EmbeddedMessaging","resolved","SKYWAVE_PHASE_4_5","2026-05-25T16:15:30.000Z","2514ee2d-0b96-4485-a7ac-f724f4422ca4","NOT_SET","NOT_SET","","","NOT_SET","","-9.0","16:15:00","NOT_SET"
"SCRT2 - EmbeddedMessaging","resolved","SKYWAVE_PHASE_4_5","2026-05-21T14:28:07.000Z","01503140-8e83-48df-a426-259e5e830964","NOT_SET","NOT_SET","","","NOT_SET","","-13.0","14:27:00","NOT_SET"
"SCRT2 - EmbeddedMessaging","resolved","SKYWAVE_PHASE_4_5","2026-05-24T19:45:32.000Z","d719f19b-ffa7-46b0-a389-b18a9f84d158","NOT_SET","NOT_SET","","","NOT_SET","","-10.0","19:45:00","NOT_SET"
"SCRT2 - EmbeddedMessaging","resolved","SKYWAVE_PHASE_4_5","2026-05-20T17:06:03.000Z","9f476107-5f7f-44be-aa97-30fc96a32b69","NOT_SET","NOT_SET","","","NOT_SET","","-14.0","17:05:00","NOT_SET"
"SCRT2 - EmbeddedMessaging","resolved","SKYWAVE_PHASE_4_5","2026-05-27T18:04:14.000Z","b6000969-6700-4b57-a58c-afe56cc954c4","NOT_SET","NOT_SET","","","NOT_SET","","-7.0","18:03:00","NOT_SET"
"SCRT2 - EmbeddedMessaging","resolved","SKYWAVE_PHASE_4_5","2026-05-31T13:07:34.000Z","a0725cc8-9d74-4aab-a2f2-3fe1fa877d2d","NOT_SET","NOT_SET","","","NOT_SET","","-3.0","13:07:00","NOT_SET"
"SCRT2 - EmbeddedMessaging","resolved","SKYWAVE_PHASE_4_5","2026-06-02T17:50:36.000Z","57dd2938-ac52-4915-aa25-f652dd68696d","NOT_SET","NOT_SET","","","NOT_SET","","-1.0","17:46:00","NOT_SET"
"SCRT2 - EmbeddedMessaging","resolved","SKYWAVE_PHASE_4_5","2026-05-23T17:21:52.000Z","c6b8065c-b509-4f73-a264-d935fc77d6b1","NOT_SET","NOT_SET","","","NOT_SET","","-11.0","17:10:00","NOT_SET"
"SCRT2 - EmbeddedMessaging","resolved","SKYWAVE_PHASE_4_5","2026-06-01T11:11:43.000Z","82beadfa-8d25-49a4-ae19-2856b2fa2e3e","NOT_SET","NOT_SET","","","NOT_SET","","-2.0","11:11:00","NOT_SET"
"SCRT2 - EmbeddedMessaging","resolved","SKYWAVE_PHASE_4_5","2026-05-24T15:41:49.000Z","9229b75f-9032-4119-a974-e0c97b7a44bf","NOT_SET","NOT_SET","","","NOT_SET","","-10.0","15:39:00","NOT_SET"
"SCRT2 - EmbeddedMessaging","resolved","SKYWAVE_PHASE_4_5","2026-05-23T16:21:47.000Z","48935efc-659c-4d01-a4de-da0d2f7832c0","NOT_SET","NOT_SET","","","NOT_SET","","-11.0","16:17:00","NOT_SET"
"SCRT2 - EmbeddedMessaging","resolved","SKYWAVE_PHASE_4_5","2026-05-29T11:54:57.000Z","9e973c68-244d-418a-a220-222009a7b764","NOT_SET","NOT_SET","","","NOT_SET","","-5.0","11:53:00","NOT_SET"
"SCRT2 - EmbeddedMessaging","resolved","SKYWAVE_PHASE_4_5","2026-05-31T14:10:47.000Z","4139d101-f681-4663-ab9b-b8c974f233f5","NOT_SET","NOT_SET","","","NOT_SET","","-3.0","14:10:00","NOT_SET"
"SCRT2 - EmbeddedMessaging","resolved","SKYWAVE_PHASE_4_5","2026-05-27T10:57:41.000Z","3d756d81-3981-43a2-a023-c18563be47f5","NOT_SET","NOT_SET","","","NOT_SET","","-7.0","10:51:00","NOT_SET"
"SCRT2 - EmbeddedMessaging","resolved","SKYWAVE_PHASE_4_5","2026-05-20T15:58:46.000Z","0f4ba379-485d-41ec-a244-2a85c40e138b","NOT_SET","NOT_SET","","","NOT_SET","","-14.0","15:48:00","NOT_SET"
"SCRT2 - EmbeddedMessaging","resolved","SKYWAVE_PHASE_4_5","2026-05-23T13:21:49.000Z","61925ae4-e235-467d-a1f1-245823235934","NOT_SET","NOT_SET","","","NOT_SET","","-11.0","13:18:00","NOT_SET"
"SCRT2 - EmbeddedMessaging","resolved","SKYWAVE_PHASE_4_5","2026-05-20T17:34:31.000Z","716ce78e-e6f2-48b2-a094-e0ac66f181e2","NOT_SET","NOT_SET","","","NOT_SET","","-14.0","17:34:00","NOT_SET"
"SCRT2 - EmbeddedMessaging","resolved","SKYWAVE_PHASE_4_5","2026-05-22T08:04:59.000Z","5982fefe-3012-44c7-ab27-abf5f579bfdd","NOT_SET","NOT_SET","","","NOT_SET","","-12.0","08:00:00","NOT_SET"
"SCRT2 - EmbeddedMessaging","resolved","SKYWAVE_PHASE_4_5","2026-05-24T19:50:13.000Z","a1217da6-f271-47b9-a3c0-7f5f4e7a48a1","NOT_SET","NOT_SET","","","NOT_SET","","-10.0","19:45:00","NOT_SET"
"SCRT2 - EmbeddedMessaging","resolved","SKYWAVE_PHASE_4_5","2026-05-25T16:43:48.000Z","25db2cb1-03c4-49f2-a8b0-235af0a7cb1b","NOT_SET","NOT_SET","","","NOT_SET","","-9.0","16:43:00","NOT_SET"
"SCRT2 - EmbeddedMessaging","resolved","SKYWAVE_PHASE_4_5","2026-05-30T14:03:39.000Z","d5564a04-06c1-4412-aaa2-690f1cb6e28f","NOT_SET","NOT_SET","","","NOT_SET","","-4.0","13:49:00","NOT_SET"
"SCRT2 - EmbeddedMessaging","resolved","SKYWAVE_PHASE_4_5","2026-05-31T10:07:07.000Z","1e5653c8-3249-4fe9-a8aa-2e5eaf75d977","NOT_SET","NOT_SET","","","NOT_SET","","-3.0","10:06:00","NOT_SET"
"SCRT2 - EmbeddedMessaging","resolved","SKYWAVE_PHASE_4_5","2026-05-25T19:40:41.000Z","bd071d00-80fa-4132-a942-a8d6f6d14d7b","NOT_SET","NOT_SET","","","NOT_SET","","-9.0","19:38:00","NOT_SET"
"SCRT2 - EmbeddedMessaging","resolved","SKYWAVE_PHASE_4_5","2026-05-20T17:08:41.000Z","6db6fcdb-2d85-48c2-af99-5300a726640b","NOT_SET","NOT_SET","","","NOT_SET","","-14.0","17:08:00","NOT_SET"
"SCRT2 - EmbeddedMessaging","resolved","SKYWAVE_PHASE_4_5","2026-05-27T18:05:58.000Z","775d4815-43fc-4c41-a26c-0d32fdcbe7f1","NOT_SET","NOT_SET","","","NOT_SET","","-7.0","18:03:00","NOT_SET"
"SCRT2 - EmbeddedMessaging","resolved","SKYWAVE_PHASE_4_5","2026-06-02T09:56:53.000Z","5158afc0-6650-454a-acad-b3f4341b8063","NOT_SET","NOT_SET","","","NOT_SET","","-1.0","09:51:00","NOT_SET"
"SCRT2 - EmbeddedMessaging","resolved","SKYWAVE_PHASE_4_5","2026-05-21T15:39:00.000Z","c96feb31-2570-4628-aa4a-1dd29d498db9","NOT_SET","NOT_SET","","","NOT_SET","","-13.0","15:28:00","NOT_SET"
"SCRT2 - EmbeddedMessaging","resolved","SKYWAVE_PHASE_4_5","2026-05-30T20:03:48.000Z","7c62034e-1410-46ae-aaf3-fba85f8e1233","NOT_SET","NOT_SET","","","NOT_SET","","-4.0","19:59:00","NOT_SET"
"SCRT2 - EmbeddedMessaging","resolved","SKYWAVE_PHASE_4_5","2026-05-20T17:22:11.000Z","1e3dfbe9-502b-419c-acbd-63a55cd45590","NOT_SET","NOT_SET","","","NOT_SET","","-14.0","17:21:00","NOT_SET"
"SCRT2 - EmbeddedMessaging","resolved","SKYWAVE_PHASE_4_5","2026-05-23T18:59:48.000Z","9d6937b6-dfc0-4312-aaec-ec96123cf4e4","NOT_SET","NOT_SET","","","NOT_SET","","-11.0","18:59:00","NOT_SET"
"SCRT2 - EmbeddedMessaging","resolved","SKYWAVE_PHASE_4_5","2026-05-27T14:35:58.000Z","1d637b5b-4467-40b5-ae0d-b82e564b4f0b","NOT_SET","NOT_SET","","","NOT_SET","","-7.0","14:35:00","NOT_SET"
"SCRT2 - EmbeddedMessaging","resolved","SKYWAVE_PHASE_4_5","2026-05-28T14:55:57.000Z","21b5c4e6-5ae7-4694-a1e0-b3df3c096a74","NOT_SET","NOT_SET","","","NOT_SET","","-6.0","14:52:00","NOT_SET"
"SCRT2 - EmbeddedMessaging","resolved","SKYWAVE_PHASE_4_5","2026-05-21T08:06:50.000Z","105fb06a-30bf-4cdb-a65d-2a55ca24febe","NOT_SET","NOT_SET","","","NOT_SET","","-13.0","08:00:00","NOT_SET"
"SCRT2 - EmbeddedMessaging","resolved","SKYWAVE_PHASE_4_5","2026-05-20T13:48:38.000Z","4c09238e-bee2-48cf-ab17-35d83babc5f8","NOT_SET","NOT_SET","","","NOT_SET","","-14.0","13:45:00","NOT_SET"
"SCRT2 - EmbeddedMessaging","resolved","SKYWAVE_PHASE_4_5","2026-06-02T17:56:13.000Z","457015f6-5fa5-476c-ab3e-ff6d746a12c2","NOT_SET","NOT_SET","","","NOT_SET","","-1.0","17:55:00","NOT_SET"
"SCRT2 - EmbeddedMessaging","resolved","SKYWAVE_PHASE_4_5","2026-05-26T08:56:44.000Z","503893d1-1e83-47f2-a700-6186cbea5474","NOT_SET","NOT_SET","","","NOT_SET","","-8.0","08:52:00","NOT_SET"
"SCRT2 - EmbeddedMessaging","resolved","SKYWAVE_PHASE_4_5","2026-05-30T12:09:42.000Z","0171ae1c-6144-42b5-a507-7420b8e0b6d6","NOT_SET","NOT_SET","","","NOT_SET","","-4.0","12:04:00","NOT_SET"
"SCRT2 - EmbeddedMessaging","resolved","SKYWAVE_PHASE_4_5","2026-05-29T15:30:44.000Z","a5e48c8f-6fc6-4046-ac39-6cdb3f3c65c0","NOT_SET","NOT_SET","","","NOT_SET","","-5.0","15:26:00","NOT_SET"
"SCRT2 - EmbeddedMessaging","resolved","SKYWAVE_PHASE_4_5","2026-05-21T18:30:10.000Z","5827f042-fa4a-423f-a862-8133a4c4eb38","NOT_SET","NOT_SET","","","NOT_SET","","-13.0","18:25:00","NOT_SET"
"SCRT2 - EmbeddedMessaging","resolved","SKYWAVE_PHASE_4_5","2026-05-29T10:46:21.000Z","17a039b4-c01c-442c-ac9d-18efd3f1718e","NOT_SET","NOT_SET","","","NOT_SET","","-5.0","10:44:00","NOT_SET"
"SCRT2 - EmbeddedMessaging","resolved","SKYWAVE_PHASE_4_5","2026-05-27T17:09:19.000Z","ff0fade3-ea2c-4981-a486-9d4697b69363","NOT_SET","NOT_SET","","","NOT_SET","","-7.0","17:08:00","NOT_SET"
"SCRT2 - EmbeddedMessaging","resolved","SKYWAVE_PHASE_4_5","2026-05-28T08:35:41.000Z","972059f0-6cb5-4850-ab8f-0ea8ced27a2e","NOT_SET","NOT_SET","","","NOT_SET","","-6.0","08:35:00","NOT_SET"
"SCRT2 - EmbeddedMessaging","resolved","SKYWAVE_PHASE_4_5","2026-05-20T12:05:02.000Z","e603a673-6c3d-47bc-ae02-f3e9ea89f522","NOT_SET","NOT_SET","","","NOT_SET","","-14.0","12:04:00","NOT_SET"
"SCRT2 - EmbeddedMessaging","resolved","SKYWAVE_PHASE_4_5","2026-05-31T15:41:50.000Z","a60c2ba6-cae4-4be0-a1c6-a1807b9d3dd4","NOT_SET","NOT_SET","","","NOT_SET","","-3.0","15:37:00","NOT_SET"
"SCRT2 - EmbeddedMessaging","resolved","SKYWAVE_PHASE_4_5","2026-05-28T16:30:33.000Z","cec292a8-82c9-49cb-a8e5-f789ee7f1fda","NOT_SET","NOT_SET","","","NOT_SET","","-6.0","16:26:00","NOT_SET"
"SCRT2 - EmbeddedMessaging","resolved","SKYWAVE_PHASE_4_5","2026-05-20T18:01:01.000Z","21bfe05e-20db-464b-a514-534e8df15a7c","NOT_SET","NOT_SET","","","NOT_SET","","-14.0","18:00:00","NOT_SET"
"SCRT2 - EmbeddedMessaging","resolved","SKYWAVE_PHASE_4_5","2026-06-01T17:56:32.000Z","459df7af-8bce-4ef4-aefb-decb4eaf7411","NOT_SET","NOT_SET","","","NOT_SET","","-2.0","17:54:00","NOT_SET"
"SCRT2 - EmbeddedMessaging","resolved","SKYWAVE_PHASE_4_5","2026-06-01T11:00:13.000Z","7e773e2a-cb45-404f-ab4f-78c85ce176c1","NOT_SET","NOT_SET","","","NOT_SET","","-2.0","10:59:00","NOT_SET"
"SCRT2 - EmbeddedMessaging","resolved","SKYWAVE_PHASE_4_5","2026-05-31T08:13:32.000Z","796f2c32-5eda-4e61-aab1-5c17671f23b8","NOT_SET","NOT_SET","","","NOT_SET","","-3.0","08:07:00","NOT_SET"
"SCRT2 - EmbeddedMessaging","resolved","SKYWAVE_PHASE_4_5","2026-06-02T19:53:16.000Z","0e68250c-e3b9-4a60-a3bd-dbb801bf3b30","NOT_SET","NOT_SET","","","NOT_SET","","-1.0","19:52:00","NOT_SET"
"SCRT2 - EmbeddedMessaging","resolved","SKYWAVE_PHASE_4_5","2026-05-25T18:53:28.000Z","82ae9220-8bb1-4042-a9ae-32052aaa7d44","NOT_SET","NOT_SET","","","NOT_SET","","-9.0","18:49:00","NOT_SET"
"SCRT2 - EmbeddedMessaging","resolved","SKYWAVE_PHASE_4_5","2026-05-22T15:05:01.000Z","eba11486-1105-418c-af42-199e6664852f","NOT_SET","NOT_SET","","","NOT_SET","","-12.0","14:59:00","NOT_SET"
"SCRT2 - EmbeddedMessaging","resolved","SKYWAVE_PHASE_4_5","2026-05-26T12:28:13.000Z","84f4fcf7-9e4d-46cc-aaa8-677cdc3d8817","NOT_SET","NOT_SET","","","NOT_SET","","-8.0","12:26:00","NOT_SET"
"SCRT2 - EmbeddedMessaging","resolved","SKYWAVE_PHASE_4_5","2026-05-22T08:45:43.000Z","2633a09c-03f8-49d5-a70a-004a308af979","NOT_SET","NOT_SET","","","NOT_SET","","-12.0","08:44:00","NOT_SET"
"SCRT2 - EmbeddedMessaging","resolved","SKYWAVE_PHASE_4_5","2026-06-01T18:45:38.000Z","e9aeb135-a0a5-4477-a7d3-18417f74f5e9","NOT_SET","NOT_SET","","","NOT_SET","","-2.0","18:41:00","NOT_SET"
"SCRT2 - EmbeddedMessaging","resolved","SKYWAVE_PHASE_4_5","2026-05-26T18:09:53.000Z","72453943-b670-4482-a678-e9bed243d91d","NOT_SET","NOT_SET","","","NOT_SET","","-8.0","18:07:00","NOT_SET"
"SCRT2 - EmbeddedMessaging","resolved","SKYWAVE_PHASE_4_5","2026-05-23T15:17:39.000Z","7e161f8e-8403-4dff-ae96-00c7a6844469","NOT_SET","NOT_SET","","","NOT_SET","","-11.0","15:15:00","NOT_SET"
"SCRT2 - EmbeddedMessaging","resolved","SKYWAVE_PHASE_4_5","2026-05-24T18:49:59.000Z","0abbe353-ef6b-4df8-aa7c-21aeafff2ec4","NOT_SET","NOT_SET","","","NOT_SET","","-10.0","18:49:00","NOT_SET"
"SCRT2 - EmbeddedMessaging","resolved","SKYWAVE_PHASE_4_5","2026-05-30T11:57:21.000Z","f1108bc0-47c8-4d9d-a59c-4835e287b070","NOT_SET","NOT_SET","","","NOT_SET","","-4.0","11:56:00","NOT_SET"
"SCRT2 - EmbeddedMessaging","resolved","SKYWAVE_PHASE_4_5","2026-05-25T09:20:38.000Z","41b7845c-2be4-45aa-ae0f-612d60eb3bff","NOT_SET","NOT_SET","","","NOT_SET","","-9.0","09:20:00","NOT_SET"
"SCRT2 - EmbeddedMessaging","resolved","SKYWAVE_PHASE_4_5","2026-05-25T10:47:22.000Z","48f793d5-fd4f-45f8-a61c-761305b93c9d","NOT_SET","NOT_SET","","","NOT_SET","","-9.0","10:43:00","NOT_SET"
"SCRT2 - EmbeddedMessaging","resolved","SKYWAVE_PHASE_4_5","2026-05-26T11:22:04.000Z","fdd90d86-ef56-4e98-adde-7bbd464fedf9","NOT_SET","NOT_SET","","","NOT_SET","","-8.0","11:21:00","NOT_SET"
"SCRT2 - EmbeddedMessaging","resolved","SKYWAVE_PHASE_4_5","2026-05-24T09:25:18.000Z","95205238-9f1b-442b-a27e-d0f74827a250","NOT_SET","NOT_SET","","","NOT_SET","","-10.0","09:20:00","NOT_SET"
"SCRT2 - EmbeddedMessaging","resolved","SKYWAVE_PHASE_4_5","2026-05-23T09:57:10.000Z","a306547c-2949-435b-a8cf-b5552b219209","NOT_SET","NOT_SET","","","NOT_SET","","-11.0","09:56:00","NOT_SET"
"SCRT2 - EmbeddedMessaging","resolved","SKYWAVE_PHASE_4_5","2026-06-02T09:22:35.000Z","1d6560ba-c0f2-485a-a202-fcfa3e87f0ce","NOT_SET","NOT_SET","","","NOT_SET","","-1.0","09:19:00","NOT_SET"
"SCRT2 - EmbeddedMessaging","resolved","SKYWAVE_PHASE_4_5","2026-06-02T19:04:48.000Z","5220d083-ee96-4229-a35b-7452a073c163","NOT_SET","NOT_SET","","","NOT_SET","","-1.0","19:04:00","NOT_SET"
"SCRT2 - EmbeddedMessaging","resolved","SKYWAVE_PHASE_4_5","2026-05-22T18:27:59.000Z","183462a1-030e-4089-a9ac-ae54ca149d2c","NOT_SET","NOT_SET","","","NOT_SET","","-12.0","18:25:00","NOT_SET"
"SCRT2 - EmbeddedMessaging","resolved","SKYWAVE_PHASE_4_5","2026-05-28T08:57:24.000Z","20d342d0-b525-4d0e-a10d-b29c77eb5a55","NOT_SET","NOT_SET","","","NOT_SET","","-6.0","08:55:00","NOT_SET"
"SCRT2 - EmbeddedMessaging","resolved","SKYWAVE_PHASE_4_5","2026-05-27T10:42:17.000Z","2e24334d-9069-4096-a2bf-e47ff28d00ca","NOT_SET","NOT_SET","","","NOT_SET","","-7.0","10:36:00","NOT_SET"
"SCRT2 - EmbeddedMessaging","resolved","SKYWAVE_PHASE_4_5","2026-05-26T16:16:02.000Z","b5c5b2aa-e0b5-4077-aa71-b7edeb7619d8","NOT_SET","NOT_SET","","","NOT_SET","","-8.0","16:09:00","NOT_SET"
"SCRT2 - EmbeddedMessaging","resolved","SKYWAVE_PHASE_4_5","2026-05-28T19:35:10.000Z","6cfdaf02-b1b7-4ada-a365-de99ebcdcd8b","NOT_SET","NOT_SET","","","NOT_SET","","-6.0","19:31:00","NOT_SET"
"SCRT2 - EmbeddedMessaging","resolved","SKYWAVE_PHASE_4_5","2026-05-25T15:53:40.000Z","51c6acfd-5450-4e6f-a48f-60ac26a76878","NOT_SET","NOT_SET","","","NOT_SET","","-9.0","15:50:00","NOT_SET"
"SCRT2 - EmbeddedMessaging","resolved","SKYWAVE_PHASE_4_5","2026-05-26T11:25:17.000Z","c0a9863a-c3ca-4367-ae4a-6cc75f46844b","NOT_SET","NOT_SET","","","NOT_SET","","-8.0","11:18:00","NOT_SET"
"SCRT2 - EmbeddedMessaging","resolved","SKYWAVE_PHASE_4_5","2026-05-27T15:42:51.000Z","d406c0c5-b9c3-42d7-a982-27f97e8f8981","NOT_SET","NOT_SET","","","NOT_SET","","-7.0","15:42:00","NOT_SET"
"SCRT2 - EmbeddedMessaging","resolved","SKYWAVE_PHASE_4_5","2026-05-27T19:37:15.000Z","22c9eaf1-7169-4021-a628-0b9fcc03bfc5","NOT_SET","NOT_SET","","","NOT_SET","","-7.0","19:34:00","NOT_SET"
"SCRT2 - EmbeddedMessaging","resolved","SKYWAVE_PHASE_4_5","2026-05-20T14:42:16.000Z","03b36bf4-723a-40bd-a27b-2edf20077787","NOT_SET","NOT_SET","","","NOT_SET","","-14.0","14:40:00","NOT_SET"
"SCRT2 - EmbeddedMessaging","resolved","SKYWAVE_PHASE_4_5","2026-05-31T11:37:06.000Z","8dfc1584-23be-4122-acc1-3819c2b16c86","NOT_SET","NOT_SET","","","NOT_SET","","-3.0","11:35:00","NOT_SET"
"SCRT2 - EmbeddedMessaging","resolved","SKYWAVE_PHASE_4_5","2026-05-27T16:28:54.000Z","0babac34-9cfa-4d90-acc6-56fc5a85cf2f","NOT_SET","NOT_SET","","","NOT_SET","","-7.0","16:19:00","NOT_SET"
"SCRT2 - EmbeddedMessaging","resolved","SKYWAVE_PHASE_4_5","2026-05-24T12:12:34.000Z","f3c8055d-ba6b-4909-a4c8-a874aaa406b0","NOT_SET","NOT_SET","","","NOT_SET","","-10.0","12:07:00","NOT_SET"
"SCRT2 - EmbeddedMessaging","resolved","SKYWAVE_PHASE_4_5","2026-06-02T16:42:53.000Z","1553f4a9-45fd-4033-a3c4-06d6994fb6ed","NOT_SET","NOT_SET","","","NOT_SET","","-1.0","16:41:00","NOT_SET"
"SCRT2 - EmbeddedMessaging","resolved","SKYWAVE_PHASE_4_5","2026-05-24T12:52:37.000Z","9b1ae7e9-04eb-4ed3-ad83-f9b6da5b90c6","NOT_SET","NOT_SET","","","NOT_SET","","-10.0","12:52:00","NOT_SET"
"SCRT2 - EmbeddedMessaging","resolved","SKYWAVE_PHASE_4_5","2026-05-28T17:50:45.000Z","e68773ce-4fb5-4661-a263-564d8aaa3d9e","NOT_SET","NOT_SET","","","NOT_SET","","-6.0","17:47:00","NOT_SET"
"SCRT2 - EmbeddedMessaging","resolved","SKYWAVE_PHASE_4_5","2026-05-31T12:13:44.000Z","bdfdbeed-6de0-4ddc-aafe-4a4f2d8aa63e","NOT_SET","NOT_SET","","","NOT_SET","","-3.0","12:13:00","NOT_SET"
"SCRT2 - EmbeddedMessaging","resolved","SKYWAVE_PHASE_4_5","2026-05-31T14:53:35.000Z","5453c639-d287-422b-a7c7-a5c65faac08b","NOT_SET","NOT_SET","","","NOT_SET","","-3.0","14:53:00","NOT_SET"
"SCRT2 - EmbeddedMessaging","resolved","SKYWAVE_PHASE_4_5","2026-05-20T17:49:01.000Z","1f700f7f-c8a2-4e23-a319-5a57f5f32d92","NOT_SET","NOT_SET","","","NOT_SET","","-14.0","17:48:00","NOT_SET"
"SCRT2 - EmbeddedMessaging","resolved","SKYWAVE_PHASE_4_5","2026-05-20T10:22:39.000Z","98bf763a-1e0c-4e61-a9ac-5cf30fe2daad","NOT_SET","NOT_SET","","","NOT_SET","","-14.0","10:20:00","NOT_SET"
"SCRT2 - EmbeddedMessaging","resolved","SKYWAVE_PHASE_4_5","2026-05-25T09:26:57.000Z","a58e0850-4f18-479a-a2f8-a82137419625","NOT_SET","NOT_SET","","","NOT_SET","","-9.0","09:21:00","NOT_SET"
"SCRT2 - EmbeddedMessaging","resolved","SKYWAVE_PHASE_4_5","2026-05-29T13:26:41.000Z","bc7f3478-bdad-4d59-ae53-70c9c3e4e53d","NOT_SET","NOT_SET","","","NOT_SET","","-5.0","13:26:00","NOT_SET"
"SCRT2 - EmbeddedMessaging","resolved","SKYWAVE_PHASE_4_5","2026-05-20T12:58:34.000Z","c7c6ac4a-5b4e-4474-aed5-583f03b4653e","NOT_SET","NOT_SET","","","NOT_SET","","-14.0","12:56:00","NOT_SET"
"SCRT2 - EmbeddedMessaging","resolved","SKYWAVE_PHASE_4_5","2026-05-20T18:45:02.000Z","43fe0c2b-657e-42be-a0e5-d96d6fce0408","NOT_SET","NOT_SET","","","NOT_SET","","-14.0","18:44:00","NOT_SET"
